ISO-10303-21;
HEADER;
/* Generated by software containing ST-Developer
 * from STEP Tools, Inc. (www.steptools.com) 
 */

FILE_DESCRIPTION(
/* description */ (''),
/* implementation_level */ '2;1');

FILE_NAME(
/* name */ 'Electrode Case.step',
/* time_stamp */ '2026-04-28T10:40:25-04:00',
/* author */ (''),
/* organization */ (''),
/* preprocessor_version */ 'ST-DEVELOPER v20.1',
/* originating_system */ 'Autodesk Translation Framework v15.8.0.0',
/* authorisation */ '');

FILE_SCHEMA (('AUTOMOTIVE_DESIGN { 1 0 10303 214 3 1 1 }'));
ENDSEC;

DATA;
#10=MECHANICAL_DESIGN_GEOMETRIC_PRESENTATION_REPRESENTATION('',(#13),#3572);
#11=SHAPE_REPRESENTATION_RELATIONSHIP('SRR','None',#3579,#12);
#12=ADVANCED_BREP_SHAPE_REPRESENTATION('',(#14),#3571);
#13=STYLED_ITEM('',(#3589),#14);
#14=MANIFOLD_SOLID_BREP('Body2',#1507);
#15=FACE_BOUND('',#468,.T.);
#16=FACE_BOUND('',#474,.T.);
#17=FACE_BOUND('',#477,.T.);
#18=FACE_BOUND('',#479,.T.);
#19=CONICAL_SURFACE('',#1559,11.855,1.33532394135521);
#20=(
BOUNDED_CURVE()
B_SPLINE_CURVE(2,(#2300,#2301,#2302),.UNSPECIFIED.,.F.,.F.)
B_SPLINE_CURVE_WITH_KNOTS((3,3),(5.5985578411349,5.81335191505365),
 .UNSPECIFIED.)
CURVE()
GEOMETRIC_REPRESENTATION_ITEM()
RATIONAL_B_SPLINE_CURVE((2.52187053790167,2.52294921018785,2.52187053790167))
REPRESENTATION_ITEM('')
);
#21=B_SPLINE_SURFACE_WITH_KNOTS('',3,3,((#2081,#2082,#2083,#2084,#2085),
(#2086,#2087,#2088,#2089,#2090),(#2091,#2092,#2093,#2094,#2095),(#2096,
#2097,#2098,#2099,#2100),(#2101,#2102,#2103,#2104,#2105)),.UNSPECIFIED.,
 .F.,.F.,.F.,(4,1,4),(4,1,4),(0.,0.571428571428571,1.),(4.95364230639697,
5.5132523063265,6.2593989728992),.UNSPECIFIED.);
#22=B_SPLINE_SURFACE_WITH_KNOTS('',3,3,((#2171,#2172,#2173,#2174,#2175),
(#2176,#2177,#2178,#2179,#2180),(#2181,#2182,#2183,#2184,#2185),(#2186,
#2187,#2188,#2189,#2190),(#2191,#2192,#2193,#2194,#2195)),.UNSPECIFIED.,
 .F.,.F.,.F.,(4,1,4),(4,1,4),(0.,0.571428571428571,1.),(4.95364230639698,
5.51325230632651,6.25939897289922),.UNSPECIFIED.);
#23=B_SPLINE_SURFACE_WITH_KNOTS('',3,3,((#2365,#2366,#2367,#2368),(#2369,
#2370,#2371,#2372),(#2373,#2374,#2375,#2376),(#2377,#2378,#2379,#2380),
(#2381,#2382,#2383,#2384)),.UNSPECIFIED.,.F.,.F.,.F.,(4,1,4),(4,4),(0.,
0.571428571428571,1.),(0.281494225500734,0.833133135930427),
 .UNSPECIFIED.);
#24=B_SPLINE_SURFACE_WITH_KNOTS('',3,3,((#2396,#2397,#2398,#2399,#2400,
#2401,#2402,#2403,#2404,#2405,#2406),(#2407,#2408,#2409,#2410,#2411,#2412,
#2413,#2414,#2415,#2416,#2417),(#2418,#2419,#2420,#2421,#2422,#2423,#2424,
#2425,#2426,#2427,#2428),(#2429,#2430,#2431,#2432,#2433,#2434,#2435,#2436,
#2437,#2438,#2439),(#2440,#2441,#2442,#2443,#2444,#2445,#2446,#2447,#2448,
#2449,#2450)),.UNSPECIFIED.,.F.,.F.,.F.,(4,1,4),(4,1,1,1,1,1,1,1,4),(0.,
0.571428571428571,1.),(-0.989488525100994,-0.986912287606906,-0.984336050112817,
-0.979183575124641,-0.968878625148288,-0.948268725195583,-0.86582912538476,
-0.783389525573938,-0.700949925763115),.UNSPECIFIED.);
#25=B_SPLINE_SURFACE_WITH_KNOTS('',3,3,((#2491,#2492,#2493,#2494),(#2495,
#2496,#2497,#2498),(#2499,#2500,#2501,#2502),(#2503,#2504,#2505,#2506),
(#2507,#2508,#2509,#2510)),.UNSPECIFIED.,.F.,.F.,.F.,(4,1,4),(4,4),(0.,
0.571428571428571,1.),(0.240344894911599,0.791984021545607),
 .UNSPECIFIED.);
#26=B_SPLINE_SURFACE_WITH_KNOTS('',3,3,((#2522,#2523,#2524,#2525,#2526,
#2527,#2528,#2529,#2530,#2531),(#2532,#2533,#2534,#2535,#2536,#2537,#2538,
#2539,#2540,#2541),(#2542,#2543,#2544,#2545,#2546,#2547,#2548,#2549,#2550,
#2551),(#2552,#2553,#2554,#2555,#2556,#2557,#2558,#2559,#2560,#2561),(#2562,
#2563,#2564,#2565,#2566,#2567,#2568,#2569,#2570,#2571)),.UNSPECIFIED.,.F.,
 .F.,.F.,(4,1,4),(4,1,1,1,1,1,1,4),(0.,0.571428571428571,1.),(-1.06766443643974,
-1.02295024202079,-1.02015560486961,-1.01736096771842,-1.00618241911369,
-1.00059314481132,-0.99500387050895,-0.989414596206582),.UNSPECIFIED.);
#27=B_SPLINE_SURFACE_WITH_KNOTS('',3,3,((#2586,#2587,#2588,#2589,#2590,
#2591,#2592,#2593,#2594,#2595,#2596),(#2597,#2598,#2599,#2600,#2601,#2602,
#2603,#2604,#2605,#2606,#2607),(#2608,#2609,#2610,#2611,#2612,#2613,#2614,
#2615,#2616,#2617,#2618),(#2619,#2620,#2621,#2622,#2623,#2624,#2625,#2626,
#2627,#2628,#2629),(#2630,#2631,#2632,#2633,#2634,#2635,#2636,#2637,#2638,
#2639,#2640)),.UNSPECIFIED.,.F.,.F.,.F.,(4,1,4),(4,1,1,1,1,1,1,1,4),(0.,
0.571428571428571,1.),(-1.19938808087565,-1.10944149079192,-1.01949490070819,
-1.01574712612137,-1.01199935153454,-1.0045038023609,-0.997008253187256,
-0.993260478600434,-0.989512704013612),.UNSPECIFIED.);
#28=B_SPLINE_SURFACE_WITH_KNOTS('',3,3,((#2888,#2889,#2890,#2891,#2892),
(#2893,#2894,#2895,#2896,#2897),(#2898,#2899,#2900,#2901,#2902),(#2903,
#2904,#2905,#2906,#2907)),.UNSPECIFIED.,.F.,.F.,.F.,(4,4),(4,1,4),(0.0562223692136857,
0.096827413645792),(13.0250200135952,13.4479528409654,14.011863277459),
 .UNSPECIFIED.);
#29=B_SPLINE_SURFACE_WITH_KNOTS('',3,3,((#2974,#2975,#2976,#2977,#2978),
(#2979,#2980,#2981,#2982,#2983),(#2984,#2985,#2986,#2987,#2988),(#2989,
#2990,#2991,#2992,#2993)),.UNSPECIFIED.,.F.,.F.,.F.,(4,4),(4,1,4),(0.,0.0406050444321077),
(22.4102049764359,22.9213715236233,23.4325380708108),.UNSPECIFIED.);
#30=B_SPLINE_SURFACE_WITH_KNOTS('',3,3,((#3112,#3113,#3114,#3115,#3116,
#3117,#3118,#3119,#3120),(#3121,#3122,#3123,#3124,#3125,#3126,#3127,#3128,
#3129),(#3130,#3131,#3132,#3133,#3134,#3135,#3136,#3137,#3138),(#3139,#3140,
#3141,#3142,#3143,#3144,#3145,#3146,#3147)),.UNSPECIFIED.,.F.,.F.,.F.,(4,
4),(4,1,1,1,1,1,4),(0.0562223692136844,0.096827413645792),(17.404063258439,
17.7252838502389,18.3677250338388,18.6889456256388,19.3313868092387,19.9738279928386,
20.2950485846385),.UNSPECIFIED.);
#31=B_SPLINE_SURFACE_WITH_KNOTS('',3,3,((#3157,#3158,#3159,#3160,#3161),
(#3162,#3163,#3164,#3165,#3166),(#3167,#3168,#3169,#3170,#3171),(#3172,
#3173,#3174,#3175,#3176)),.UNSPECIFIED.,.F.,.F.,.F.,(4,4),(4,1,4),(0.0562223692136844,
0.096827413645792),(16.1270196631717,16.6402377971102,17.1534559310487),
 .UNSPECIFIED.);
#32=B_SPLINE_SURFACE_WITH_KNOTS('',3,3,((#3269,#3270,#3271,#3272,#3273,
#3274,#3275,#3276,#3277),(#3278,#3279,#3280,#3281,#3282,#3283,#3284,#3285,
#3286),(#3287,#3288,#3289,#3290,#3291,#3292,#3293,#3294,#3295),(#3296,#3297,
#3298,#3299,#3300,#3301,#3302,#3303,#3304)),.UNSPECIFIED.,.F.,.F.,.F.,(4,
4),(4,1,1,1,1,1,4),(0.,0.0406050444321069),(17.404063258439,17.7252838502389,
18.3677250338388,19.0101662174387,19.3313868092387,19.6526074010386,20.2950485846385),
 .UNSPECIFIED.);
#33=B_SPLINE_SURFACE_WITH_KNOTS('',3,3,((#3305,#3306,#3307,#3308,#3309),
(#3310,#3311,#3312,#3313,#3314),(#3315,#3316,#3317,#3318,#3319),(#3320,
#3321,#3322,#3323,#3324)),.UNSPECIFIED.,.F.,.F.,.F.,(4,4),(4,1,4),(0.,0.0406050444321069),
(16.1270196630057,16.6402377970272,17.1534559310487),.UNSPECIFIED.);
#34=B_SPLINE_SURFACE_WITH_KNOTS('',3,3,((#3329,#3330,#3331,#3332,#3333),
(#3334,#3335,#3336,#3337,#3338),(#3339,#3340,#3341,#3342,#3343),(#3344,
#3345,#3346,#3347,#3348)),.UNSPECIFIED.,.F.,.F.,.F.,(4,4),(4,1,4),(0.,0.0406050444321077),
(14.3988838068023,14.9074684159966,15.2889068728922),.UNSPECIFIED.);
#35=B_SPLINE_SURFACE_WITH_KNOTS('',3,3,((#3409,#3410,#3411,#3412,#3413),
(#3414,#3415,#3416,#3417,#3418),(#3419,#3420,#3421,#3422,#3423),(#3424,
#3425,#3426,#3427,#3428)),.UNSPECIFIED.,.F.,.F.,.F.,(4,4),(4,1,4),(0.0562223692136857,
0.096827413645792),(14.2624706048492,14.7756887388707,15.2889068728922),
 .UNSPECIFIED.);
#36=B_SPLINE_SURFACE_WITH_KNOTS('',3,3,((#3478,#3479,#3480,#3481,#3482),
(#3483,#3484,#3485,#3486,#3487),(#3488,#3489,#3490,#3491,#3492),(#3493,
#3494,#3495,#3496,#3497)),.UNSPECIFIED.,.F.,.F.,.F.,(4,4),(4,1,4),(0.0562223692136844,
0.096827413645792),(20.5456559120288,21.0588740460503,21.5720921800718),
 .UNSPECIFIED.);
#37=B_SPLINE_SURFACE_WITH_KNOTS('',3,3,((#3503,#3504,#3505,#3506,#3507),
(#3508,#3509,#3510,#3511,#3512),(#3513,#3514,#3515,#3516,#3517),(#3518,
#3519,#3520,#3521,#3522)),.UNSPECIFIED.,.F.,.F.,.F.,(4,4),(4,1,4),(0.,0.0406050444321069),
(20.5456559120288,21.0588740460503,21.5720921800718),.UNSPECIFIED.);
#38=ELLIPSE('',#1530,1.05068604392086,1.);
#39=ELLIPSE('',#1532,2.55367722336068,2.5);
#40=ELLIPSE('',#1533,1.58784991769094,1.5);
#41=ELLIPSE('',#1540,1.05068604392087,1.);
#42=ELLIPSE('',#1542,1.58784991769094,1.5);
#43=ELLIPSE('',#1543,2.55367722336068,2.5);
#44=ELLIPSE('',#1548,0.257694101601104,0.25);
#45=ELLIPSE('',#1549,0.257694101601103,0.25);
#46=ELLIPSE('',#1566,0.257694101601104,0.25);
#47=ELLIPSE('',#1570,0.257694101601104,0.25);
#48=CYLINDRICAL_SURFACE('',#1529,1.);
#49=CYLINDRICAL_SURFACE('',#1534,9.25);
#50=CYLINDRICAL_SURFACE('',#1537,1.5);
#51=CYLINDRICAL_SURFACE('',#1539,1.);
#52=CYLINDRICAL_SURFACE('',#1545,1.5);
#53=CYLINDRICAL_SURFACE('',#1558,9.25);
#54=CYLINDRICAL_SURFACE('',#1565,0.25);
#55=CYLINDRICAL_SURFACE('',#1569,0.25);
#56=CYLINDRICAL_SURFACE('',#1577,9.25);
#57=CYLINDRICAL_SURFACE('',#1585,8.75);
#58=CYLINDRICAL_SURFACE('',#1587,8.75);
#59=CYLINDRICAL_SURFACE('',#1592,8.60165);
#60=CYLINDRICAL_SURFACE('',#1600,8.25);
#61=CYLINDRICAL_SURFACE('',#1601,8.25);
#62=CYLINDRICAL_SURFACE('',#1602,8.25);
#63=CYLINDRICAL_SURFACE('',#1603,8.60165);
#64=CYLINDRICAL_SURFACE('',#1604,8.60165);
#65=CYLINDRICAL_SURFACE('',#1605,8.25);
#66=CYLINDRICAL_SURFACE('',#1608,1.5);
#67=CYLINDRICAL_SURFACE('',#1609,1.5);
#68=CYLINDRICAL_SURFACE('',#1613,8.25);
#69=CYLINDRICAL_SURFACE('',#1614,8.60165);
#70=CYLINDRICAL_SURFACE('',#1615,8.60165);
#71=CYLINDRICAL_SURFACE('',#1616,8.60165);
#72=CYLINDRICAL_SURFACE('',#1627,7.5);
#73=CYLINDRICAL_SURFACE('',#1634,6.05);
#74=CYLINDRICAL_SURFACE('',#1638,6.525);
#75=LINE('',#2022,#176);
#76=LINE('',#2024,#177);
#77=LINE('',#2026,#178);
#78=LINE('',#2028,#179);
#79=LINE('',#2029,#180);
#80=LINE('',#2064,#181);
#81=LINE('',#2066,#182);
#82=LINE('',#2068,#183);
#83=LINE('',#2070,#184);
#84=LINE('',#2071,#185);
#85=LINE('',#2077,#186);
#86=LINE('',#2080,#187);
#87=LINE('',#2141,#188);
#88=LINE('',#2152,#189);
#89=LINE('',#2154,#190);
#90=LINE('',#2157,#191);
#91=LINE('',#2159,#192);
#92=LINE('',#2161,#193);
#93=LINE('',#2167,#194);
#94=LINE('',#2170,#195);
#95=LINE('',#2233,#196);
#96=LINE('',#2235,#197);
#97=LINE('',#2237,#198);
#98=LINE('',#2242,#199);
#99=LINE('',#2244,#200);
#100=LINE('',#2246,#201);
#101=LINE('',#2248,#202);
#102=LINE('',#2357,#203);
#103=LINE('',#2359,#204);
#104=LINE('',#2361,#205);
#105=LINE('',#2363,#206);
#106=LINE('',#2486,#207);
#107=LINE('',#2487,#208);
#108=LINE('',#2489,#209);
#109=LINE('',#2490,#210);
#110=LINE('',#2682,#211);
#111=LINE('',#2686,#212);
#112=LINE('',#2688,#213);
#113=LINE('',#2689,#214);
#114=LINE('',#2692,#215);
#115=LINE('',#2697,#216);
#116=LINE('',#2701,#217);
#117=LINE('',#2704,#218);
#118=LINE('',#2705,#219);
#119=LINE('',#2708,#220);
#120=LINE('',#2709,#221);
#121=LINE('',#2713,#222);
#122=LINE('',#2716,#223);
#123=LINE('',#2718,#224);
#124=LINE('',#2719,#225);
#125=LINE('',#2721,#226);
#126=LINE('',#2723,#227);
#127=LINE('',#2726,#228);
#128=LINE('',#2747,#229);
#129=LINE('',#2749,#230);
#130=LINE('',#2751,#231);
#131=LINE('',#2753,#232);
#132=LINE('',#2762,#233);
#133=LINE('',#2770,#234);
#134=LINE('',#2774,#235);
#135=LINE('',#2783,#236);
#136=LINE('',#2792,#237);
#137=LINE('',#2794,#238);
#138=LINE('',#2796,#239);
#139=LINE('',#2797,#240);
#140=LINE('',#2801,#241);
#141=LINE('',#2803,#242);
#142=LINE('',#2805,#243);
#143=LINE('',#2807,#244);
#144=LINE('',#2809,#245);
#145=LINE('',#2811,#246);
#146=LINE('',#2813,#247);
#147=LINE('',#2822,#248);
#148=LINE('',#2831,#249);
#149=LINE('',#2844,#250);
#150=LINE('',#2853,#251);
#151=LINE('',#2862,#252);
#152=LINE('',#2871,#253);
#153=LINE('',#2873,#254);
#154=LINE('',#2875,#255);
#155=LINE('',#2877,#256);
#156=LINE('',#2879,#257);
#157=LINE('',#2880,#258);
#158=LINE('',#3059,#259);
#159=LINE('',#3061,#260);
#160=LINE('',#3083,#261);
#161=LINE('',#3205,#262);
#162=LINE('',#3206,#263);
#163=LINE('',#3216,#264);
#164=LINE('',#3228,#265);
#165=LINE('',#3242,#266);
#166=LINE('',#3448,#267);
#167=LINE('',#3450,#268);
#168=LINE('',#3452,#269);
#169=LINE('',#3454,#270);
#170=LINE('',#3456,#271);
#171=LINE('',#3458,#272);
#172=LINE('',#3465,#273);
#173=LINE('',#3547,#274);
#174=LINE('',#3559,#275);
#175=LINE('',#3566,#276);
#176=VECTOR('',#1652,10.);
#177=VECTOR('',#1653,10.);
#178=VECTOR('',#1654,10.);
#179=VECTOR('',#1655,10.);
#180=VECTOR('',#1656,10.);
#181=VECTOR('',#1665,10.);
#182=VECTOR('',#1666,10.);
#183=VECTOR('',#1667,10.);
#184=VECTOR('',#1668,10.);
#185=VECTOR('',#1669,10.);
#186=VECTOR('',#1674,10.);
#187=VECTOR('',#1677,10.);
#188=VECTOR('',#1684,10.);
#189=VECTOR('',#1687,10.);
#190=VECTOR('',#1688,10.);
#191=VECTOR('',#1691,10.);
#192=VECTOR('',#1694,10.);
#193=VECTOR('',#1697,10.);
#194=VECTOR('',#1702,10.);
#195=VECTOR('',#1705,10.);
#196=VECTOR('',#1712,10.);
#197=VECTOR('',#1715,10.);
#198=VECTOR('',#1718,10.);
#199=VECTOR('',#1723,10.);
#200=VECTOR('',#1724,10.);
#201=VECTOR('',#1725,10.);
#202=VECTOR('',#1726,10.);
#203=VECTOR('',#1727,10.);
#204=VECTOR('',#1728,10.);
#205=VECTOR('',#1729,10.);
#206=VECTOR('',#1730,10.);
#207=VECTOR('',#1741,10.);
#208=VECTOR('',#1742,10.);
#209=VECTOR('',#1743,10.);
#210=VECTOR('',#1744,10.);
#211=VECTOR('',#1755,10.);
#212=VECTOR('',#1762,10.);
#213=VECTOR('',#1763,10.);
#214=VECTOR('',#1764,10.);
#215=VECTOR('',#1767,10.);
#216=VECTOR('',#1772,10.);
#217=VECTOR('',#1777,10.);
#218=VECTOR('',#1780,10.);
#219=VECTOR('',#1781,10.);
#220=VECTOR('',#1784,10.);
#221=VECTOR('',#1785,10.);
#222=VECTOR('',#1790,10.);
#223=VECTOR('',#1793,10.);
#224=VECTOR('',#1794,10.);
#225=VECTOR('',#1795,10.);
#226=VECTOR('',#1798,10.);
#227=VECTOR('',#1801,10.);
#228=VECTOR('',#1806,10.);
#229=VECTOR('',#1813,10.);
#230=VECTOR('',#1814,10.);
#231=VECTOR('',#1815,10.);
#232=VECTOR('',#1816,10.);
#233=VECTOR('',#1817,10.);
#234=VECTOR('',#1818,10.);
#235=VECTOR('',#1821,10.);
#236=VECTOR('',#1822,10.);
#237=VECTOR('',#1823,10.);
#238=VECTOR('',#1824,10.);
#239=VECTOR('',#1825,10.);
#240=VECTOR('',#1826,10.);
#241=VECTOR('',#1829,10.);
#242=VECTOR('',#1830,10.);
#243=VECTOR('',#1831,10.);
#244=VECTOR('',#1832,10.);
#245=VECTOR('',#1833,10.);
#246=VECTOR('',#1834,10.);
#247=VECTOR('',#1835,10.);
#248=VECTOR('',#1836,10.);
#249=VECTOR('',#1837,10.);
#250=VECTOR('',#1846,10.);
#251=VECTOR('',#1847,10.);
#252=VECTOR('',#1848,10.);
#253=VECTOR('',#1849,10.);
#254=VECTOR('',#1850,10.);
#255=VECTOR('',#1851,10.);
#256=VECTOR('',#1852,10.);
#257=VECTOR('',#1853,10.);
#258=VECTOR('',#1854,10.);
#259=VECTOR('',#1883,10.);
#260=VECTOR('',#1884,10.);
#261=VECTOR('',#1889,10.);
#262=VECTOR('',#1898,10.);
#263=VECTOR('',#1899,10.);
#264=VECTOR('',#1904,10.);
#265=VECTOR('',#1905,8.25);
#266=VECTOR('',#1908,10.);
#267=VECTOR('',#1911,10.);
#268=VECTOR('',#1914,10.);
#269=VECTOR('',#1917,10.);
#270=VECTOR('',#1920,10.);
#271=VECTOR('',#1923,10.);
#272=VECTOR('',#1924,10.);
#273=VECTOR('',#1925,10.);
#274=VECTOR('',#1958,7.5);
#275=VECTOR('',#1973,6.05);
#276=VECTOR('',#1982,6.525);
#277=PLANE('',#1524);
#278=PLANE('',#1528);
#279=PLANE('',#1538);
#280=PLANE('',#1544);
#281=PLANE('',#1546);
#282=PLANE('',#1547);
#283=PLANE('',#1553);
#284=PLANE('',#1561);
#285=PLANE('',#1562);
#286=PLANE('',#1567);
#287=PLANE('',#1568);
#288=PLANE('',#1571);
#289=PLANE('',#1572);
#290=PLANE('',#1573);
#291=PLANE('',#1574);
#292=PLANE('',#1575);
#293=PLANE('',#1576);
#294=PLANE('',#1578);
#295=PLANE('',#1579);
#296=PLANE('',#1580);
#297=PLANE('',#1581);
#298=PLANE('',#1584);
#299=PLANE('',#1590);
#300=PLANE('',#1594);
#301=PLANE('',#1596);
#302=PLANE('',#1610);
#303=PLANE('',#1611);
#304=PLANE('',#1612);
#305=PLANE('',#1618);
#306=PLANE('',#1622);
#307=PLANE('',#1636);
#308=PLANE('',#1640);
#309=PLANE('',#1641);
#310=FACE_OUTER_BOUND('',#393,.T.);
#311=FACE_OUTER_BOUND('',#394,.T.);
#312=FACE_OUTER_BOUND('',#395,.T.);
#313=FACE_OUTER_BOUND('',#396,.T.);
#314=FACE_OUTER_BOUND('',#397,.T.);
#315=FACE_OUTER_BOUND('',#398,.T.);
#316=FACE_OUTER_BOUND('',#399,.T.);
#317=FACE_OUTER_BOUND('',#400,.T.);
#318=FACE_OUTER_BOUND('',#401,.T.);
#319=FACE_OUTER_BOUND('',#402,.T.);
#320=FACE_OUTER_BOUND('',#403,.T.);
#321=FACE_OUTER_BOUND('',#404,.T.);
#322=FACE_OUTER_BOUND('',#405,.T.);
#323=FACE_OUTER_BOUND('',#406,.T.);
#324=FACE_OUTER_BOUND('',#407,.T.);
#325=FACE_OUTER_BOUND('',#408,.T.);
#326=FACE_OUTER_BOUND('',#409,.T.);
#327=FACE_OUTER_BOUND('',#410,.T.);
#328=FACE_OUTER_BOUND('',#411,.T.);
#329=FACE_OUTER_BOUND('',#412,.T.);
#330=FACE_OUTER_BOUND('',#413,.T.);
#331=FACE_OUTER_BOUND('',#414,.T.);
#332=FACE_OUTER_BOUND('',#415,.T.);
#333=FACE_OUTER_BOUND('',#416,.T.);
#334=FACE_OUTER_BOUND('',#417,.T.);
#335=FACE_OUTER_BOUND('',#418,.T.);
#336=FACE_OUTER_BOUND('',#419,.T.);
#337=FACE_OUTER_BOUND('',#420,.T.);
#338=FACE_OUTER_BOUND('',#421,.T.);
#339=FACE_OUTER_BOUND('',#422,.T.);
#340=FACE_OUTER_BOUND('',#423,.T.);
#341=FACE_OUTER_BOUND('',#424,.T.);
#342=FACE_OUTER_BOUND('',#425,.T.);
#343=FACE_OUTER_BOUND('',#426,.T.);
#344=FACE_OUTER_BOUND('',#427,.T.);
#345=FACE_OUTER_BOUND('',#428,.T.);
#346=FACE_OUTER_BOUND('',#429,.T.);
#347=FACE_OUTER_BOUND('',#430,.T.);
#348=FACE_OUTER_BOUND('',#431,.T.);
#349=FACE_OUTER_BOUND('',#432,.T.);
#350=FACE_OUTER_BOUND('',#433,.T.);
#351=FACE_OUTER_BOUND('',#434,.T.);
#352=FACE_OUTER_BOUND('',#435,.T.);
#353=FACE_OUTER_BOUND('',#436,.T.);
#354=FACE_OUTER_BOUND('',#437,.T.);
#355=FACE_OUTER_BOUND('',#438,.T.);
#356=FACE_OUTER_BOUND('',#439,.T.);
#357=FACE_OUTER_BOUND('',#440,.T.);
#358=FACE_OUTER_BOUND('',#441,.T.);
#359=FACE_OUTER_BOUND('',#442,.T.);
#360=FACE_OUTER_BOUND('',#443,.T.);
#361=FACE_OUTER_BOUND('',#444,.T.);
#362=FACE_OUTER_BOUND('',#445,.T.);
#363=FACE_OUTER_BOUND('',#446,.T.);
#364=FACE_OUTER_BOUND('',#447,.T.);
#365=FACE_OUTER_BOUND('',#448,.T.);
#366=FACE_OUTER_BOUND('',#449,.T.);
#367=FACE_OUTER_BOUND('',#450,.T.);
#368=FACE_OUTER_BOUND('',#451,.T.);
#369=FACE_OUTER_BOUND('',#452,.T.);
#370=FACE_OUTER_BOUND('',#453,.T.);
#371=FACE_OUTER_BOUND('',#454,.T.);
#372=FACE_OUTER_BOUND('',#455,.T.);
#373=FACE_OUTER_BOUND('',#456,.T.);
#374=FACE_OUTER_BOUND('',#457,.T.);
#375=FACE_OUTER_BOUND('',#458,.T.);
#376=FACE_OUTER_BOUND('',#459,.T.);
#377=FACE_OUTER_BOUND('',#460,.T.);
#378=FACE_OUTER_BOUND('',#461,.T.);
#379=FACE_OUTER_BOUND('',#462,.T.);
#380=FACE_OUTER_BOUND('',#463,.T.);
#381=FACE_OUTER_BOUND('',#464,.T.);
#382=FACE_OUTER_BOUND('',#465,.T.);
#383=FACE_OUTER_BOUND('',#466,.T.);
#384=FACE_OUTER_BOUND('',#467,.T.);
#385=FACE_OUTER_BOUND('',#469,.T.);
#386=FACE_OUTER_BOUND('',#470,.T.);
#387=FACE_OUTER_BOUND('',#471,.T.);
#388=FACE_OUTER_BOUND('',#472,.T.);
#389=FACE_OUTER_BOUND('',#473,.T.);
#390=FACE_OUTER_BOUND('',#475,.T.);
#391=FACE_OUTER_BOUND('',#476,.T.);
#392=FACE_OUTER_BOUND('',#478,.T.);
#393=EDGE_LOOP('',(#967,#968,#969,#970,#971));
#394=EDGE_LOOP('',(#972,#973,#974,#975,#976,#977));
#395=EDGE_LOOP('',(#978,#979,#980,#981,#982));
#396=EDGE_LOOP('',(#983,#984,#985,#986,#987,#988));
#397=EDGE_LOOP('',(#989,#990,#991,#992));
#398=EDGE_LOOP('',(#993,#994,#995,#996,#997));
#399=EDGE_LOOP('',(#998,#999,#1000,#1001,#1002,#1003,#1004,#1005,#1006,
#1007));
#400=EDGE_LOOP('',(#1008,#1009,#1010,#1011));
#401=EDGE_LOOP('',(#1012,#1013,#1014,#1015,#1016));
#402=EDGE_LOOP('',(#1017,#1018,#1019,#1020));
#403=EDGE_LOOP('',(#1021,#1022,#1023,#1024,#1025));
#404=EDGE_LOOP('',(#1026,#1027,#1028,#1029,#1030,#1031,#1032));
#405=EDGE_LOOP('',(#1033,#1034,#1035,#1036));
#406=EDGE_LOOP('',(#1037,#1038,#1039,#1040,#1041));
#407=EDGE_LOOP('',(#1042,#1043,#1044,#1045,#1046,#1047,#1048,#1049,#1050,
#1051,#1052,#1053,#1054,#1055,#1056,#1057,#1058,#1059,#1060,#1061));
#408=EDGE_LOOP('',(#1062,#1063,#1064,#1065));
#409=EDGE_LOOP('',(#1066,#1067,#1068,#1069,#1070));
#410=EDGE_LOOP('',(#1071,#1072,#1073,#1074,#1075,#1076,#1077,#1078,#1079));
#411=EDGE_LOOP('',(#1080,#1081,#1082,#1083));
#412=EDGE_LOOP('',(#1084,#1085,#1086,#1087));
#413=EDGE_LOOP('',(#1088,#1089,#1090,#1091));
#414=EDGE_LOOP('',(#1092,#1093,#1094,#1095));
#415=EDGE_LOOP('',(#1096,#1097,#1098,#1099));
#416=EDGE_LOOP('',(#1100,#1101,#1102,#1103,#1104,#1105,#1106,#1107,#1108,
#1109));
#417=EDGE_LOOP('',(#1110,#1111,#1112,#1113,#1114,#1115,#1116));
#418=EDGE_LOOP('',(#1117,#1118,#1119,#1120));
#419=EDGE_LOOP('',(#1121,#1122,#1123,#1124));
#420=EDGE_LOOP('',(#1125,#1126,#1127,#1128,#1129,#1130));
#421=EDGE_LOOP('',(#1131,#1132,#1133,#1134));
#422=EDGE_LOOP('',(#1135,#1136,#1137,#1138,#1139,#1140));
#423=EDGE_LOOP('',(#1141,#1142,#1143,#1144));
#424=EDGE_LOOP('',(#1145,#1146,#1147,#1148));
#425=EDGE_LOOP('',(#1149,#1150,#1151,#1152));
#426=EDGE_LOOP('',(#1153,#1154,#1155,#1156));
#427=EDGE_LOOP('',(#1157,#1158,#1159,#1160));
#428=EDGE_LOOP('',(#1161,#1162,#1163,#1164));
#429=EDGE_LOOP('',(#1165,#1166,#1167,#1168,#1169,#1170,#1171,#1172,#1173));
#430=EDGE_LOOP('',(#1174,#1175,#1176,#1177,#1178,#1179,#1180,#1181));
#431=EDGE_LOOP('',(#1182,#1183,#1184,#1185,#1186,#1187,#1188,#1189,#1190,
#1191,#1192,#1193));
#432=EDGE_LOOP('',(#1194,#1195,#1196,#1197));
#433=EDGE_LOOP('',(#1198,#1199,#1200,#1201,#1202,#1203,#1204,#1205,#1206,
#1207,#1208,#1209));
#434=EDGE_LOOP('',(#1210,#1211,#1212,#1213));
#435=EDGE_LOOP('',(#1214,#1215,#1216,#1217));
#436=EDGE_LOOP('',(#1218,#1219,#1220,#1221));
#437=EDGE_LOOP('',(#1222,#1223,#1224,#1225));
#438=EDGE_LOOP('',(#1226,#1227,#1228));
#439=EDGE_LOOP('',(#1229,#1230,#1231,#1232));
#440=EDGE_LOOP('',(#1233,#1234,#1235,#1236,#1237));
#441=EDGE_LOOP('',(#1238,#1239,#1240,#1241,#1242,#1243,#1244,#1245,#1246,
#1247,#1248,#1249,#1250,#1251));
#442=EDGE_LOOP('',(#1252,#1253,#1254,#1255));
#443=EDGE_LOOP('',(#1256,#1257,#1258,#1259));
#444=EDGE_LOOP('',(#1260,#1261,#1262));
#445=EDGE_LOOP('',(#1263,#1264,#1265,#1266));
#446=EDGE_LOOP('',(#1267,#1268,#1269,#1270));
#447=EDGE_LOOP('',(#1271,#1272,#1273,#1274));
#448=EDGE_LOOP('',(#1275,#1276,#1277,#1278,#1279));
#449=EDGE_LOOP('',(#1280,#1281,#1282,#1283,#1284,#1285,#1286,#1287,#1288,
#1289,#1290,#1291,#1292,#1293,#1294,#1295,#1296,#1297,#1298,#1299,#1300,
#1301));
#450=EDGE_LOOP('',(#1302,#1303,#1304,#1305));
#451=EDGE_LOOP('',(#1306,#1307,#1308,#1309));
#452=EDGE_LOOP('',(#1310,#1311,#1312,#1313));
#453=EDGE_LOOP('',(#1314,#1315,#1316,#1317));
#454=EDGE_LOOP('',(#1318,#1319,#1320,#1321));
#455=EDGE_LOOP('',(#1322,#1323,#1324,#1325));
#456=EDGE_LOOP('',(#1326,#1327,#1328,#1329,#1330,#1331));
#457=EDGE_LOOP('',(#1332,#1333,#1334,#1335,#1336,#1337,#1338,#1339));
#458=EDGE_LOOP('',(#1340,#1341,#1342,#1343,#1344,#1345,#1346,#1347,#1348,
#1349,#1350,#1351));
#459=EDGE_LOOP('',(#1352,#1353,#1354,#1355));
#460=EDGE_LOOP('',(#1356,#1357,#1358,#1359,#1360));
#461=EDGE_LOOP('',(#1361,#1362,#1363,#1364));
#462=EDGE_LOOP('',(#1365,#1366,#1367));
#463=EDGE_LOOP('',(#1368,#1369,#1370,#1371));
#464=EDGE_LOOP('',(#1372,#1373,#1374,#1375,#1376));
#465=EDGE_LOOP('',(#1377,#1378,#1379,#1380));
#466=EDGE_LOOP('',(#1381,#1382,#1383,#1384,#1385,#1386,#1387,#1388));
#467=EDGE_LOOP('',(#1389));
#468=EDGE_LOOP('',(#1390));
#469=EDGE_LOOP('',(#1391,#1392,#1393,#1394));
#470=EDGE_LOOP('',(#1395,#1396,#1397,#1398));
#471=EDGE_LOOP('',(#1399,#1400,#1401,#1402,#1403));
#472=EDGE_LOOP('',(#1404,#1405,#1406,#1407,#1408));
#473=EDGE_LOOP('',(#1409));
#474=EDGE_LOOP('',(#1410));
#475=EDGE_LOOP('',(#1411,#1412,#1413,#1414));
#476=EDGE_LOOP('',(#1415));
#477=EDGE_LOOP('',(#1416));
#478=EDGE_LOOP('',(#1417));
#479=EDGE_LOOP('',(#1418));
#480=CIRCLE('',#1522,9.25);
#481=CIRCLE('',#1523,9.75);
#482=CIRCLE('',#1526,9.25);
#483=CIRCLE('',#1527,9.75);
#484=CIRCLE('',#1531,0.999999999999999);
#485=CIRCLE('',#1535,9.25);
#486=CIRCLE('',#1536,9.25);
#487=CIRCLE('',#1541,1.);
#488=CIRCLE('',#1550,1.5);
#489=CIRCLE('',#1551,9.25);
#490=CIRCLE('',#1552,9.25);
#491=CIRCLE('',#1554,1.50000000000001);
#492=CIRCLE('',#1555,1.5);
#493=CIRCLE('',#1556,9.25);
#494=CIRCLE('',#1557,9.25);
#495=CIRCLE('',#1560,9.25);
#496=CIRCLE('',#1563,8.25);
#497=CIRCLE('',#1564,8.25);
#498=CIRCLE('',#1582,8.25);
#499=CIRCLE('',#1583,8.75);
#500=CIRCLE('',#1586,8.75);
#501=CIRCLE('',#1588,8.75);
#502=CIRCLE('',#1589,8.75);
#503=CIRCLE('',#1591,8.25);
#504=CIRCLE('',#1593,8.60165);
#505=CIRCLE('',#1595,8.25);
#506=CIRCLE('',#1597,8.25);
#507=CIRCLE('',#1598,8.60165);
#508=CIRCLE('',#1599,8.25);
#509=CIRCLE('',#1606,8.25);
#510=CIRCLE('',#1607,8.25);
#511=CIRCLE('',#1617,8.60165);
#512=CIRCLE('',#1620,8.75);
#513=CIRCLE('',#1621,0.5);
#514=CIRCLE('',#1623,8.);
#515=CIRCLE('',#1625,0.5);
#516=CIRCLE('',#1626,7.5);
#517=CIRCLE('',#1628,7.5);
#518=CIRCLE('',#1630,6.05);
#519=CIRCLE('',#1631,0.25);
#520=CIRCLE('',#1632,6.3);
#521=CIRCLE('',#1633,6.05);
#522=CIRCLE('',#1635,6.05);
#523=CIRCLE('',#1637,6.525);
#524=CIRCLE('',#1639,6.525);
#525=B_SPLINE_CURVE_WITH_KNOTS('',3,(#1991,#1992,#1993,#1994,#1995,#1996,
#1997,#1998,#1999,#2000),.UNSPECIFIED.,.F.,.F.,(4,2,2,2,4),(0.405052830035094,
0.43450969468946,0.48161646547413,0.552504015653811,0.552982481820789),
 .UNSPECIFIED.);
#526=B_SPLINE_CURVE_WITH_KNOTS('',3,(#2004,#2005,#2006,#2007,#2008,#2009,
#2010,#2011,#2012,#2013),.UNSPECIFIED.,.F.,.F.,(4,2,2,2,4),(0.163941213839876,
0.181243089738504,0.200616100065545,0.222533727966092,0.246394819970993),
 .UNSPECIFIED.);
#527=B_SPLINE_CURVE_WITH_KNOTS('',3,(#2016,#2017,#2018,#2019),
 .UNSPECIFIED.,.F.,.F.,(4,4),(0.0840779755415547,0.0842061257242462),
 .UNSPECIFIED.);
#528=B_SPLINE_CURVE_WITH_KNOTS('',3,(#2033,#2034,#2035,#2036,#2037,#2038,
#2039,#2040,#2041,#2042),.UNSPECIFIED.,.F.,.F.,(4,2,2,2,4),(0.0814876077087589,
0.10534869971366,0.127266327614206,0.146639337941248,0.163941213839876),
 .UNSPECIFIED.);
#529=B_SPLINE_CURVE_WITH_KNOTS('',3,(#2046,#2047,#2048,#2049,#2050,#2051,
#2052,#2053,#2054,#2055),.UNSPECIFIED.,.F.,.F.,(4,2,2,2,4),(-0.000478466166988536,
0.,0.070887550177915,0.117994320958846,0.147451185610837),.UNSPECIFIED.);
#530=B_SPLINE_CURVE_WITH_KNOTS('',3,(#2057,#2058,#2059,#2060),
 .UNSPECIFIED.,.F.,.F.,(4,4),(0.255015586202874,0.255143736385565),
 .UNSPECIFIED.);
#531=B_SPLINE_CURVE_WITH_KNOTS('',3,(#2108,#2109,#2110,#2111,#2112,#2113,
#2114,#2115),.UNSPECIFIED.,.F.,.F.,(4,2,2,4),(-0.000722834466585733,0.,
0.0736268839390868,0.115509622915482),.UNSPECIFIED.);
#532=B_SPLINE_CURVE_WITH_KNOTS('',3,(#2117,#2118,#2119,#2120,#2121,#2122,
#2123,#2124,#2125,#2126,#2127,#2128,#2129,#2130,#2131,#2132,#2133,#2134,
#2135,#2136),.UNSPECIFIED.,.F.,.F.,(4,2,2,2,2,2,2,2,2,4),(0.,0.0499015806245901,
0.109550719438336,0.12418882239875,0.131433396913088,0.136917644648747,
0.142702257195127,0.151457468306635,0.167556560685257,0.188097775069428),
 .UNSPECIFIED.);
#533=B_SPLINE_CURVE_WITH_KNOTS('',3,(#2143,#2144,#2145,#2146,#2147,#2148,
#2149,#2150),.UNSPECIFIED.,.F.,.F.,(4,2,2,4),(0.0799274417063475,0.121600037908899,
0.194857505772419,0.195576713475877),.UNSPECIFIED.);
#534=B_SPLINE_CURVE_WITH_KNOTS('',3,(#2199,#2200,#2201,#2202,#2203,#2204,
#2205,#2206,#2207,#2208,#2209,#2210,#2211,#2212,#2213,#2214,#2215,#2216,
#2217,#2218),.UNSPECIFIED.,.F.,.F.,(4,2,2,2,2,2,2,2,2,4),(0.0768951831882164,
0.119691355597858,0.14306574284849,0.154136939237258,0.162752181612675,
0.171966232240391,0.185959924069174,0.215953791278046,0.289889058674803,
0.370414690478185),.UNSPECIFIED.);
#535=B_SPLINE_CURVE_WITH_KNOTS('',3,(#2221,#2222,#2223,#2224,#2225,#2226),
 .UNSPECIFIED.,.F.,.F.,(4,2,4),(2.7998787538457,2.96273978560315,3.10211616424457),
 .UNSPECIFIED.);
#536=B_SPLINE_CURVE_WITH_KNOTS('',3,(#2227,#2228,#2229,#2230,#2231,#2232),
 .UNSPECIFIED.,.F.,.F.,(4,2,4),(2.49764134344683,2.63701772208824,2.7998787538457),
 .UNSPECIFIED.);
#537=B_SPLINE_CURVE_WITH_KNOTS('',3,(#2250,#2251,#2252,#2253,#2254,#2255,
#2256,#2257,#2258,#2259,#2260,#2261,#2262,#2263,#2264,#2265,#2266,#2267,
#2268,#2269,#2270,#2271,#2272,#2273,#2274,#2275,#2276,#2277,#2278,#2279,
#2280,#2281,#2282,#2283,#2284,#2285,#2286,#2287,#2288,#2289,#2290,#2291,
#2292,#2293,#2294,#2295,#2296,#2297,#2298),.UNSPECIFIED.,.F.,.F.,(4,3,3,
3,3,3,3,3,3,3,3,3,3,3,3,3,4),(0.,0.0177153553136842,0.0359300039026044,
0.0546121661825478,0.0608683434590217,0.0797821714946953,0.0987274749778425,
0.10995012537618,0.125062039299816,0.144014742952841,0.163157789750749,
0.182088854624911,0.190363316253111,0.208829782687867,0.223769475203077,
0.241503184683508,0.256849465332735),.UNSPECIFIED.);
#538=B_SPLINE_CURVE_WITH_KNOTS('',3,(#2304,#2305,#2306,#2307,#2308,#2309,
#2310,#2311,#2312,#2313,#2314,#2315,#2316,#2317,#2318,#2319,#2320,#2321,
#2322,#2323,#2324,#2325,#2326,#2327,#2328,#2329,#2330,#2331,#2332,#2333,
#2334,#2335,#2336,#2337,#2338,#2339,#2340,#2341,#2342,#2343,#2344,#2345,
#2346,#2347,#2348,#2349,#2350,#2351,#2352,#2353,#2354,#2355),
 .UNSPECIFIED.,.F.,.F.,(4,3,3,3,3,3,3,3,3,3,3,3,3,3,3,3,3,4),(0.,0.017461860445595,
0.0354310766848221,0.0540017161223347,0.0603906782194408,0.0792644569563416,
0.0983648484036246,0.11731730052601,0.124197067928218,0.143209054663659,
0.147029811294655,0.165974816542239,0.184959142821378,0.189457372901707,
0.208116421258944,0.223314597589527,0.241292625382756,0.256825651125455),
 .UNSPECIFIED.);
#539=B_SPLINE_CURVE_WITH_KNOTS('',3,(#2386,#2387,#2388,#2389),
 .UNSPECIFIED.,.F.,.F.,(4,4),(-0.757647677449862,-0.281494225500734),
 .UNSPECIFIED.);
#540=B_SPLINE_CURVE_WITH_KNOTS('',3,(#2392,#2393,#2394,#2395),
 .UNSPECIFIED.,.F.,.F.,(4,4),(0.281494225500734,0.833133135930427),
 .UNSPECIFIED.);
#541=B_SPLINE_CURVE_WITH_KNOTS('',3,(#2456,#2457,#2458,#2459,#2460,#2461,
#2462,#2463,#2464,#2465),.UNSPECIFIED.,.F.,.F.,(4,1,1,1,1,1,1,4),(-0.989488525100994,
-0.986912287606906,-0.984336050112817,-0.979183575124641,-0.968878625148288,
-0.948268725195583,-0.86582912538476,-0.857564413077389),.UNSPECIFIED.);
#542=B_SPLINE_CURVE_WITH_KNOTS('',3,(#2466,#2467,#2468,#2469,#2470,#2471,
#2472,#2473,#2474,#2475,#2476,#2477,#2478,#2479,#2480,#2481,#2482,#2483),
 .UNSPECIFIED.,.F.,.F.,(4,2,2,2,2,2,2,2,4),(-1.30280733182738E-5,0.,0.000153277687518569,
0.000622953080767357,0.00134444503779716,0.00307698810815618,0.00671592736755477,
0.0110409290063453,0.0156852112408486),.UNSPECIFIED.);
#543=B_SPLINE_CURVE_WITH_KNOTS('',3,(#2514,#2515,#2516,#2517),
 .UNSPECIFIED.,.F.,.F.,(4,4),(-0.791984021545607,-0.315830372275243),
 .UNSPECIFIED.);
#544=B_SPLINE_CURVE_WITH_KNOTS('',3,(#2518,#2519,#2520,#2521),
 .UNSPECIFIED.,.F.,.F.,(4,4),(0.240344894911599,0.791984021545607),
 .UNSPECIFIED.);
#545=B_SPLINE_CURVE_WITH_KNOTS('',3,(#2575,#2576,#2577,#2578,#2579,#2580,
#2581,#2582,#2583,#2584),.UNSPECIFIED.,.F.,.F.,(4,1,1,1,1,1,1,4),(-1.06766443643974,
-1.02295024202079,-1.02015560486961,-1.01736096771842,-1.00618241911369,
-1.00059314481132,-0.99500387050895,-0.989414596206582),.UNSPECIFIED.);
#546=B_SPLINE_CURVE_WITH_KNOTS('',3,(#2643,#2644,#2645,#2646,#2647,#2648,
#2649,#2650,#2651,#2652,#2653,#2654,#2655,#2656,#2657,#2658),
 .UNSPECIFIED.,.F.,.F.,(4,2,2,2,2,2,2,4),(0.,0.0548030468008629,0.100470419745126,
0.140612043798833,0.168058024364428,0.188350234837123,0.198660588027891,
0.198894672335605),.UNSPECIFIED.);
#547=B_SPLINE_CURVE_WITH_KNOTS('',3,(#2659,#2660,#2661,#2662,#2663,#2664,
#2665,#2666,#2667,#2668),.UNSPECIFIED.,.F.,.F.,(4,1,1,1,1,1,1,4),(-1.04285229817038,
-1.01949490070819,-1.01574712612137,-1.01199935153454,-1.0045038023609,
-0.997008253187256,-0.993260478600434,-0.989512704013612),.UNSPECIFIED.);
#548=B_SPLINE_CURVE_WITH_KNOTS('',3,(#2672,#2673,#2674,#2675,#2676,#2677,
#2678,#2679,#2680,#2681),.UNSPECIFIED.,.F.,.F.,(4,2,2,2,4),(0.227421703295786,
0.286350865414935,0.345280027534084,0.401941871011881,0.458603714489679),
 .UNSPECIFIED.);
#549=B_SPLINE_CURVE_WITH_KNOTS('',3,(#2729,#2730,#2731,#2732,#2733,#2734,
#2735,#2736,#2737,#2738),.UNSPECIFIED.,.F.,.F.,(4,2,2,2,4),(0.,0.0566618434777977,
0.113323686955595,0.172252849074744,0.231182011193893),.UNSPECIFIED.);
#550=B_SPLINE_CURVE_WITH_KNOTS('',3,(#2742,#2743,#2744,#2745),
 .UNSPECIFIED.,.F.,.F.,(4,4),(-0.00935319745842398,0.),.UNSPECIFIED.);
#551=B_SPLINE_CURVE_WITH_KNOTS('',3,(#2755,#2756,#2757,#2758,#2759,#2760),
 .UNSPECIFIED.,.F.,.F.,(4,2,4),(-0.040915703319011,-0.0204610696552021,
0.),.UNSPECIFIED.);
#552=B_SPLINE_CURVE_WITH_KNOTS('',3,(#2764,#2765,#2766,#2767,#2768,#2769),
 .UNSPECIFIED.,.F.,.F.,(4,2,4),(-0.0407881330671436,-0.0203921365107372,
0.),.UNSPECIFIED.);
#553=B_SPLINE_CURVE_WITH_KNOTS('',3,(#2776,#2777,#2778,#2779,#2780,#2781),
 .UNSPECIFIED.,.F.,.F.,(4,2,4),(-0.040915703295858,-0.0204610696487232,
0.),.UNSPECIFIED.);
#554=B_SPLINE_CURVE_WITH_KNOTS('',3,(#2785,#2786,#2787,#2788,#2789,#2790),
 .UNSPECIFIED.,.F.,.F.,(4,2,4),(-0.0407881330681254,-0.0203921365127375,
0.),.UNSPECIFIED.);
#555=B_SPLINE_CURVE_WITH_KNOTS('',3,(#2815,#2816,#2817,#2818,#2819,#2820),
 .UNSPECIFIED.,.F.,.F.,(4,2,4),(-0.0407881330778858,-0.0203920473999162,
0.),.UNSPECIFIED.);
#556=B_SPLINE_CURVE_WITH_KNOTS('',3,(#2824,#2825,#2826,#2827,#2828,#2829),
 .UNSPECIFIED.,.F.,.F.,(4,2,4),(-0.0409157033198153,-0.0204610696553655,
0.),.UNSPECIFIED.);
#557=B_SPLINE_CURVE_WITH_KNOTS('',3,(#2832,#2833,#2834,#2835,#2836,#2837),
 .UNSPECIFIED.,.F.,.F.,(4,2,4),(-0.0407881330677197,-0.0203921365110648,
0.),.UNSPECIFIED.);
#558=B_SPLINE_CURVE_WITH_KNOTS('',3,(#2846,#2847,#2848,#2849,#2850,#2851),
 .UNSPECIFIED.,.F.,.F.,(4,2,4),(-0.0409157033259473,-0.0204610696585178,
0.),.UNSPECIFIED.);
#559=B_SPLINE_CURVE_WITH_KNOTS('',3,(#2855,#2856,#2857,#2858,#2859,#2860),
 .UNSPECIFIED.,.F.,.F.,(4,2,4),(-0.0407881330668329,-0.020392136510464,
0.),.UNSPECIFIED.);
#560=B_SPLINE_CURVE_WITH_KNOTS('',3,(#2864,#2865,#2866,#2867,#2868,#2869),
 .UNSPECIFIED.,.F.,.F.,(4,2,4),(-0.0409157032801829,-0.0204609682203229,
0.),.UNSPECIFIED.);
#561=B_SPLINE_CURVE_WITH_KNOTS('',3,(#2909,#2910,#2911,#2912),
 .UNSPECIFIED.,.F.,.F.,(4,4),(13.8754500755058,14.011863277459),
 .UNSPECIFIED.);
#562=B_SPLINE_CURVE_WITH_KNOTS('',3,(#2914,#2915,#2916,#2917,#2918,#2919,
#2920,#2921,#2922,#2923,#2924,#2925,#2926,#2927,#2928,#2929,#2930,#2931,
#2932,#2933,#2934,#2935,#2936,#2937,#2938,#2939,#2940,#2941,#2942,#2943,
#2944,#2945,#2946,#2947,#2948,#2949,#2950,#2951,#2952,#2953,#2954,#2955,
#2956,#2957,#2958,#2959,#2960,#2961,#2962),.UNSPECIFIED.,.F.,.F.,(4,3,3,
3,3,3,3,3,3,3,3,3,3,3,3,3,4),(-0.719929182956539,-0.675630322100915,-0.664304829250582,
-0.654362377888211,-0.590141997385507,-0.524830424839908,-0.459366813436345,
-0.394417582073852,-0.365538296111546,-0.342692152604575,-0.333902598423821,
-0.327125497671916,-0.262397187659933,-0.196276623279627,-0.129806099478798,
-0.0636018981467656,0.),.UNSPECIFIED.);
#563=B_SPLINE_CURVE_WITH_KNOTS('',3,(#2963,#2964,#2965,#2966,#2967,#2968,
#2969),.UNSPECIFIED.,.F.,.F.,(4,3,4),(1.17751854726086,1.60045137463104,
2.15899086515951),.UNSPECIFIED.);
#564=B_SPLINE_CURVE_WITH_KNOTS('',3,(#2995,#2996,#2997,#2998,#2999,#3000,
#3001),.UNSPECIFIED.,.F.,.F.,(4,3,4),(-1.02106531582729,-0.511166547187418,
-0.0190687343614849),.UNSPECIFIED.);
#565=B_SPLINE_CURVE_WITH_KNOTS('',3,(#3003,#3004,#3005,#3006),
 .UNSPECIFIED.,.F.,.F.,(4,4),(-0.0434239010677506,0.),.UNSPECIFIED.);
#566=B_SPLINE_CURVE_WITH_KNOTS('',3,(#3008,#3009,#3010,#3011),
 .UNSPECIFIED.,.F.,.F.,(4,4),(22.4102049764359,22.7764642163751),
 .UNSPECIFIED.);
#567=B_SPLINE_CURVE_WITH_KNOTS('',3,(#3012,#3013,#3014,#3015,#3016,#3017,
#3018,#3019,#3020,#3021,#3022,#3023,#3024,#3025,#3026,#3027,#3028,#3029,
#3030,#3031,#3032,#3033,#3034,#3035,#3036,#3037,#3038,#3039,#3040,#3041,
#3042,#3043,#3044,#3045,#3046,#3047,#3048,#3049,#3050,#3051,#3052,#3053,
#3054),.UNSPECIFIED.,.F.,.F.,(4,3,3,3,3,3,3,3,3,3,3,3,3,3,4),(1.10806831652371,
1.17299743497958,1.21885430639561,1.24359471199726,1.25927623444144,1.26790561392047,
1.33589231201731,1.40176790714087,1.43628903193261,1.45604220534571,1.46799132247787,
1.5344205915708,1.53985240630783,1.60593102233433,1.66413624992494),
 .UNSPECIFIED.);
#568=B_SPLINE_CURVE_WITH_KNOTS('',3,(#3063,#3064,#3065,#3066,#3067,#3068,
#3069,#3070,#3071,#3072),.UNSPECIFIED.,.F.,.F.,(4,3,3,4),(0.591907187121189,
0.655918185039833,0.664984413231346,0.719929182958476),.UNSPECIFIED.);
#569=B_SPLINE_CURVE_WITH_KNOTS('',3,(#3076,#3077,#3078,#3079,#3080,#3081,
#3082),.UNSPECIFIED.,.F.,.F.,(4,3,4),(0.0190687342901593,0.513218133938513,
1.02106532191193),.UNSPECIFIED.);
#570=B_SPLINE_CURVE_WITH_KNOTS('',3,(#3085,#3086,#3087,#3088,#3089,#3090,
#3091,#3092,#3093,#3094,#3095,#3096,#3097,#3098,#3099,#3100,#3101,#3102,
#3103),.UNSPECIFIED.,.F.,.F.,(4,3,3,3,3,3,4),(1.28241454123236,1.59826418706721,
2.24070537066711,2.56192596246707,3.20436714606697,3.84680832966687,4.16265797550172),
 .UNSPECIFIED.);
#571=B_SPLINE_CURVE_WITH_KNOTS('',3,(#3105,#3106,#3107,#3108,#3109,#3110,
#3111),.UNSPECIFIED.,.F.,.F.,(4,3,4),(4.42400719482215,4.93185438287859,
5.27558075999626),.UNSPECIFIED.);
#572=B_SPLINE_CURVE_WITH_KNOTS('',3,(#3148,#3149,#3150,#3151,#3152,#3153,
#3154,#3155,#3156),.UNSPECIFIED.,.F.,.F.,(4,1,1,1,1,1,4),(17.404063258439,
17.7252838502389,18.3677250338388,18.6889456256388,19.3313868092387,19.9738279928386,
20.2950485846385),.UNSPECIFIED.);
#573=B_SPLINE_CURVE_WITH_KNOTS('',3,(#3178,#3179,#3180,#3181,#3182),
 .UNSPECIFIED.,.F.,.F.,(4,1,4),(16.1270196631717,16.6402377971102,17.1534559310487),
 .UNSPECIFIED.);
#574=B_SPLINE_CURVE_WITH_KNOTS('',3,(#3183,#3184,#3185,#3186),
 .UNSPECIFIED.,.F.,.F.,(4,4),(-0.105146159157278,-0.0612946588659852),
 .UNSPECIFIED.);
#575=B_SPLINE_CURVE_WITH_KNOTS('',3,(#3188,#3189,#3190,#3191,#3192,#3193,
#3194,#3195,#3196),.UNSPECIFIED.,.F.,.F.,(4,1,1,1,1,1,4),(17.404063258439,
17.7252838502389,18.3677250338388,19.0101662174387,19.3313868092387,19.6526074010386,
20.2950485846385),.UNSPECIFIED.);
#576=B_SPLINE_CURVE_WITH_KNOTS('',3,(#3199,#3200,#3201,#3202,#3203),
 .UNSPECIFIED.,.F.,.F.,(4,1,4),(16.1270196630057,16.6402377970272,17.1534559310487),
 .UNSPECIFIED.);
#577=B_SPLINE_CURVE_WITH_KNOTS('',3,(#3211,#3212,#3213,#3214),
 .UNSPECIFIED.,.F.,.F.,(4,4),(-0.870954333323161,-0.850430061910618),
 .UNSPECIFIED.);
#578=B_SPLINE_CURVE_WITH_KNOTS('',3,(#3217,#3218,#3219,#3220,#3221,#3222,
#3223,#3224,#3225,#3226),.UNSPECIFIED.,.F.,.F.,(4,2,2,2,4),(0.46046521876686,
0.517185980337127,0.573906741907393,0.633517419577168,0.693128097246944),
 .UNSPECIFIED.);
#579=B_SPLINE_CURVE_WITH_KNOTS('',3,(#3231,#3232,#3233,#3234,#3235,#3236,
#3237,#3238,#3239,#3240),.UNSPECIFIED.,.F.,.F.,(4,2,2,2,4),(-0.232662878480083,
-0.173052200810308,-0.113441523140533,-0.0567207615702666,0.),
 .UNSPECIFIED.);
#580=B_SPLINE_CURVE_WITH_KNOTS('',3,(#3243,#3244,#3245,#3246,#3247,#3248,
#3249),.UNSPECIFIED.,.F.,.F.,(4,3,4),(-1.02106532207796,-0.513218134021533,
-0.0190687349617099),.UNSPECIFIED.);
#581=B_SPLINE_CURVE_WITH_KNOTS('',3,(#3250,#3251,#3252,#3253,#3254,#3255,
#3256,#3257,#3258,#3259,#3260,#3261,#3262,#3263,#3264,#3265,#3266,#3267,
#3268),.UNSPECIFIED.,.F.,.F.,(4,3,3,3,3,3,4),(-4.16265797566776,-3.52558773803296,
-3.204367146233,-2.88314655443305,-2.24070537083315,-1.59826418723325,-1.2824145413984),
 .UNSPECIFIED.);
#582=B_SPLINE_CURVE_WITH_KNOTS('',3,(#3325,#3326,#3327,#3328),
 .UNSPECIFIED.,.F.,.F.,(4,4),(-0.0434239012486165,0.),.UNSPECIFIED.);
#583=B_SPLINE_CURVE_WITH_KNOTS('',3,(#3350,#3351,#3352,#3353,#3354,#3355,
#3356,#3357,#3358,#3359,#3360,#3361,#3362,#3363,#3364,#3365,#3366,#3367,
#3368,#3369,#3370,#3371,#3372,#3373,#3374,#3375,#3376,#3377,#3378,#3379,
#3380,#3381,#3382,#3383,#3384,#3385,#3386,#3387,#3388,#3389,#3390,#3391,
#3392,#3393,#3394,#3395,#3396,#3397,#3398),.UNSPECIFIED.,.F.,.F.,(4,3,3,
3,3,3,3,3,3,3,3,3,3,3,3,3,4),(-1.66413624992497,-1.59799005128191,-1.53152887527746,
-1.49405991004221,-1.46376810349493,-1.45438697531386,-1.38854851593807,
-1.3230436006882,-1.27741037704183,-1.26532700041158,-1.25476747120842,
-1.23177715339546,-1.16727662962452,-1.10218116039123,-1.03727391658027,
-0.973279032919314,-0.946402770131808),.UNSPECIFIED.);
#584=B_SPLINE_CURVE_WITH_KNOTS('',3,(#3400,#3401,#3402,#3403,#3404),
 .UNSPECIFIED.,.F.,.F.,(4,1,4),(14.3988838068023,14.9074684159966,15.2889068728922),
 .UNSPECIFIED.);
#585=B_SPLINE_CURVE_WITH_KNOTS('',3,(#3405,#3406,#3407,#3408),
 .UNSPECIFIED.,.F.,.F.,(4,4),(-0.105146158354363,-0.061294659542629),
 .UNSPECIFIED.);
#586=B_SPLINE_CURVE_WITH_KNOTS('',3,(#3430,#3431,#3432,#3433,#3434,#3435,
#3436),.UNSPECIFIED.,.F.,.F.,(4,3,4),(2.42034008447995,2.92818727253638,
3.4223366715962),.UNSPECIFIED.);
#587=B_SPLINE_CURVE_WITH_KNOTS('',3,(#3438,#3439,#3440,#3441),
 .UNSPECIFIED.,.F.,.F.,(4,4),(-0.0434239012485679,0.),.UNSPECIFIED.);
#588=B_SPLINE_CURVE_WITH_KNOTS('',3,(#3442,#3443,#3444,#3445,#3446),
 .UNSPECIFIED.,.F.,.F.,(4,1,4),(14.2624706048492,14.7756887388707,15.2889068728922),
 .UNSPECIFIED.);
#589=B_SPLINE_CURVE_WITH_KNOTS('',3,(#3460,#3461,#3462,#3463),
 .UNSPECIFIED.,.F.,.F.,(4,4),(-0.105146158354472,-0.0612946583744979),
 .UNSPECIFIED.);
#590=B_SPLINE_CURVE_WITH_KNOTS('',3,(#3466,#3467,#3468,#3469),
 .UNSPECIFIED.,.F.,.F.,(4,4),(-0.0355389317247816,0.),.UNSPECIFIED.);
#591=B_SPLINE_CURVE_WITH_KNOTS('',3,(#3471,#3472,#3473,#3474,#3475,#3476,
#3477),.UNSPECIFIED.,.F.,.F.,(4,3,4),(-5.42600378375067,-4.93185438304462,
-4.42400719498819),.UNSPECIFIED.);
#592=B_SPLINE_CURVE_WITH_KNOTS('',3,(#3498,#3499,#3500,#3501,#3502),
 .UNSPECIFIED.,.F.,.F.,(4,1,4),(20.5456559120288,21.0588740460503,21.5720921800718),
 .UNSPECIFIED.);
#593=B_SPLINE_CURVE_WITH_KNOTS('',3,(#3523,#3524,#3525,#3526,#3527),
 .UNSPECIFIED.,.F.,.F.,(4,1,4),(20.5456559120288,21.0588740460503,21.5720921800718),
 .UNSPECIFIED.);
#594=VERTEX_POINT('',#1989);
#595=VERTEX_POINT('',#1990);
#596=VERTEX_POINT('',#2001);
#597=VERTEX_POINT('',#2003);
#598=VERTEX_POINT('',#2014);
#599=VERTEX_POINT('',#2021);
#600=VERTEX_POINT('',#2023);
#601=VERTEX_POINT('',#2025);
#602=VERTEX_POINT('',#2027);
#603=VERTEX_POINT('',#2031);
#604=VERTEX_POINT('',#2032);
#605=VERTEX_POINT('',#2043);
#606=VERTEX_POINT('',#2045);
#607=VERTEX_POINT('',#2056);
#608=VERTEX_POINT('',#2063);
#609=VERTEX_POINT('',#2065);
#610=VERTEX_POINT('',#2067);
#611=VERTEX_POINT('',#2069);
#612=VERTEX_POINT('',#2073);
#613=VERTEX_POINT('',#2074);
#614=VERTEX_POINT('',#2076);
#615=VERTEX_POINT('',#2078);
#616=VERTEX_POINT('',#2106);
#617=VERTEX_POINT('',#2107);
#618=VERTEX_POINT('',#2116);
#619=VERTEX_POINT('',#2140);
#620=VERTEX_POINT('',#2142);
#621=VERTEX_POINT('',#2153);
#622=VERTEX_POINT('',#2155);
#623=VERTEX_POINT('',#2163);
#624=VERTEX_POINT('',#2164);
#625=VERTEX_POINT('',#2166);
#626=VERTEX_POINT('',#2168);
#627=VERTEX_POINT('',#2197);
#628=VERTEX_POINT('',#2220);
#629=VERTEX_POINT('',#2239);
#630=VERTEX_POINT('',#2241);
#631=VERTEX_POINT('',#2243);
#632=VERTEX_POINT('',#2245);
#633=VERTEX_POINT('',#2247);
#634=VERTEX_POINT('',#2249);
#635=VERTEX_POINT('',#2299);
#636=VERTEX_POINT('',#2303);
#637=VERTEX_POINT('',#2356);
#638=VERTEX_POINT('',#2358);
#639=VERTEX_POINT('',#2360);
#640=VERTEX_POINT('',#2362);
#641=VERTEX_POINT('',#2385);
#642=VERTEX_POINT('',#2390);
#643=VERTEX_POINT('',#2451);
#644=VERTEX_POINT('',#2452);
#645=VERTEX_POINT('',#2455);
#646=VERTEX_POINT('',#2485);
#647=VERTEX_POINT('',#2488);
#648=VERTEX_POINT('',#2511);
#649=VERTEX_POINT('',#2512);
#650=VERTEX_POINT('',#2572);
#651=VERTEX_POINT('',#2573);
#652=VERTEX_POINT('',#2641);
#653=VERTEX_POINT('',#2642);
#654=VERTEX_POINT('',#2671);
#655=VERTEX_POINT('',#2687);
#656=VERTEX_POINT('',#2691);
#657=VERTEX_POINT('',#2693);
#658=VERTEX_POINT('',#2695);
#659=VERTEX_POINT('',#2699);
#660=VERTEX_POINT('',#2703);
#661=VERTEX_POINT('',#2707);
#662=VERTEX_POINT('',#2711);
#663=VERTEX_POINT('',#2715);
#664=VERTEX_POINT('',#2717);
#665=VERTEX_POINT('',#2740);
#666=VERTEX_POINT('',#2741);
#667=VERTEX_POINT('',#2746);
#668=VERTEX_POINT('',#2748);
#669=VERTEX_POINT('',#2750);
#670=VERTEX_POINT('',#2752);
#671=VERTEX_POINT('',#2754);
#672=VERTEX_POINT('',#2761);
#673=VERTEX_POINT('',#2763);
#674=VERTEX_POINT('',#2772);
#675=VERTEX_POINT('',#2773);
#676=VERTEX_POINT('',#2775);
#677=VERTEX_POINT('',#2782);
#678=VERTEX_POINT('',#2784);
#679=VERTEX_POINT('',#2791);
#680=VERTEX_POINT('',#2793);
#681=VERTEX_POINT('',#2795);
#682=VERTEX_POINT('',#2799);
#683=VERTEX_POINT('',#2800);
#684=VERTEX_POINT('',#2802);
#685=VERTEX_POINT('',#2804);
#686=VERTEX_POINT('',#2806);
#687=VERTEX_POINT('',#2808);
#688=VERTEX_POINT('',#2810);
#689=VERTEX_POINT('',#2812);
#690=VERTEX_POINT('',#2814);
#691=VERTEX_POINT('',#2821);
#692=VERTEX_POINT('',#2823);
#693=VERTEX_POINT('',#2830);
#694=VERTEX_POINT('',#2842);
#695=VERTEX_POINT('',#2843);
#696=VERTEX_POINT('',#2845);
#697=VERTEX_POINT('',#2852);
#698=VERTEX_POINT('',#2854);
#699=VERTEX_POINT('',#2861);
#700=VERTEX_POINT('',#2863);
#701=VERTEX_POINT('',#2870);
#702=VERTEX_POINT('',#2872);
#703=VERTEX_POINT('',#2874);
#704=VERTEX_POINT('',#2876);
#705=VERTEX_POINT('',#2878);
#706=VERTEX_POINT('',#2908);
#707=VERTEX_POINT('',#2913);
#708=VERTEX_POINT('',#2994);
#709=VERTEX_POINT('',#3002);
#710=VERTEX_POINT('',#3007);
#711=VERTEX_POINT('',#3057);
#712=VERTEX_POINT('',#3060);
#713=VERTEX_POINT('',#3062);
#714=VERTEX_POINT('',#3075);
#715=VERTEX_POINT('',#3177);
#716=VERTEX_POINT('',#3198);
#717=VERTEX_POINT('',#3204);
#718=VERTEX_POINT('',#3208);
#719=VERTEX_POINT('',#3210);
#720=VERTEX_POINT('',#3215);
#721=VERTEX_POINT('',#3227);
#722=VERTEX_POINT('',#3230);
#723=VERTEX_POINT('',#3241);
#724=VERTEX_POINT('',#3349);
#725=VERTEX_POINT('',#3399);
#726=VERTEX_POINT('',#3429);
#727=VERTEX_POINT('',#3437);
#728=VERTEX_POINT('',#3457);
#729=VERTEX_POINT('',#3459);
#730=VERTEX_POINT('',#3464);
#731=VERTEX_POINT('',#3534);
#732=VERTEX_POINT('',#3538);
#733=VERTEX_POINT('',#3541);
#734=VERTEX_POINT('',#3545);
#735=VERTEX_POINT('',#3549);
#736=VERTEX_POINT('',#3550);
#737=VERTEX_POINT('',#3552);
#738=VERTEX_POINT('',#3557);
#739=VERTEX_POINT('',#3561);
#740=VERTEX_POINT('',#3564);
#741=EDGE_CURVE('',#594,#595,#525,.F.);
#742=EDGE_CURVE('',#594,#596,#480,.T.);
#743=EDGE_CURVE('',#597,#596,#526,.F.);
#744=EDGE_CURVE('',#597,#598,#481,.T.);
#745=EDGE_CURVE('',#598,#595,#527,.T.);
#746=EDGE_CURVE('',#597,#599,#75,.T.);
#747=EDGE_CURVE('',#600,#599,#76,.T.);
#748=EDGE_CURVE('',#601,#600,#77,.T.);
#749=EDGE_CURVE('',#601,#602,#78,.T.);
#750=EDGE_CURVE('',#602,#598,#79,.T.);
#751=EDGE_CURVE('',#603,#604,#528,.T.);
#752=EDGE_CURVE('',#604,#605,#482,.T.);
#753=EDGE_CURVE('',#605,#606,#529,.T.);
#754=EDGE_CURVE('',#607,#606,#530,.F.);
#755=EDGE_CURVE('',#607,#603,#483,.T.);
#756=EDGE_CURVE('',#607,#608,#80,.T.);
#757=EDGE_CURVE('',#609,#608,#81,.T.);
#758=EDGE_CURVE('',#610,#609,#82,.T.);
#759=EDGE_CURVE('',#611,#610,#83,.T.);
#760=EDGE_CURVE('',#611,#603,#84,.T.);
#761=EDGE_CURVE('',#612,#613,#38,.T.);
#762=EDGE_CURVE('',#613,#614,#85,.T.);
#763=EDGE_CURVE('',#614,#615,#484,.T.);
#764=EDGE_CURVE('',#615,#612,#86,.T.);
#765=EDGE_CURVE('',#616,#617,#531,.T.);
#766=EDGE_CURVE('',#618,#617,#532,.T.);
#767=EDGE_CURVE('',#618,#615,#39,.T.);
#768=EDGE_CURVE('',#614,#616,#40,.T.);
#769=EDGE_CURVE('',#594,#619,#87,.T.);
#770=EDGE_CURVE('',#620,#619,#533,.T.);
#771=EDGE_CURVE('',#617,#620,#485,.T.);
#772=EDGE_CURVE('',#616,#605,#88,.T.);
#773=EDGE_CURVE('',#604,#621,#89,.T.);
#774=EDGE_CURVE('',#622,#621,#486,.T.);
#775=EDGE_CURVE('',#622,#596,#90,.T.);
#776=EDGE_CURVE('',#614,#606,#91,.T.);
#777=EDGE_CURVE('',#608,#613,#92,.T.);
#778=EDGE_CURVE('',#623,#624,#41,.T.);
#779=EDGE_CURVE('',#624,#625,#93,.T.);
#780=EDGE_CURVE('',#625,#626,#487,.T.);
#781=EDGE_CURVE('',#626,#623,#94,.T.);
#782=EDGE_CURVE('',#619,#626,#42,.T.);
#783=EDGE_CURVE('',#625,#627,#43,.T.);
#784=EDGE_CURVE('',#627,#620,#534,.F.);
#785=EDGE_CURVE('',#628,#618,#535,.T.);
#786=EDGE_CURVE('',#627,#628,#536,.T.);
#787=EDGE_CURVE('',#624,#612,#95,.T.);
#788=EDGE_CURVE('',#595,#626,#96,.T.);
#789=EDGE_CURVE('',#623,#602,#97,.T.);
#790=EDGE_CURVE('',#629,#601,#44,.T.);
#791=EDGE_CURVE('',#629,#630,#98,.T.);
#792=EDGE_CURVE('',#631,#630,#99,.T.);
#793=EDGE_CURVE('',#632,#631,#100,.T.);
#794=EDGE_CURVE('',#632,#633,#101,.T.);
#795=EDGE_CURVE('',#634,#633,#537,.T.);
#796=EDGE_CURVE('',#634,#635,#20,.F.);
#797=EDGE_CURVE('',#635,#636,#538,.F.);
#798=EDGE_CURVE('',#636,#637,#102,.T.);
#799=EDGE_CURVE('',#638,#637,#103,.T.);
#800=EDGE_CURVE('',#639,#638,#104,.T.);
#801=EDGE_CURVE('',#640,#639,#105,.T.);
#802=EDGE_CURVE('',#609,#640,#45,.T.);
#803=EDGE_CURVE('',#633,#641,#539,.T.);
#804=EDGE_CURVE('',#641,#642,#488,.T.);
#805=EDGE_CURVE('',#642,#634,#540,.T.);
#806=EDGE_CURVE('',#643,#644,#489,.T.);
#807=EDGE_CURVE('',#642,#644,#490,.T.);
#808=EDGE_CURVE('',#641,#645,#541,.T.);
#809=EDGE_CURVE('',#643,#645,#542,.T.);
#810=EDGE_CURVE('',#632,#646,#106,.T.);
#811=EDGE_CURVE('',#646,#599,#107,.T.);
#812=EDGE_CURVE('',#596,#647,#108,.T.);
#813=EDGE_CURVE('',#645,#647,#109,.T.);
#814=EDGE_CURVE('',#648,#649,#491,.T.);
#815=EDGE_CURVE('',#649,#636,#543,.T.);
#816=EDGE_CURVE('',#635,#648,#544,.T.);
#817=EDGE_CURVE('',#650,#651,#492,.T.);
#818=EDGE_CURVE('',#651,#649,#545,.T.);
#819=EDGE_CURVE('',#650,#648,#493,.T.);
#820=EDGE_CURVE('',#652,#653,#546,.T.);
#821=EDGE_CURVE('',#652,#651,#547,.T.);
#822=EDGE_CURVE('',#650,#653,#494,.T.);
#823=EDGE_CURVE('',#650,#654,#548,.T.);
#824=EDGE_CURVE('',#654,#652,#110,.T.);
#825=EDGE_CURVE('',#648,#642,#495,.T.);
#826=EDGE_CURVE('',#654,#604,#111,.T.);
#827=EDGE_CURVE('',#611,#655,#112,.T.);
#828=EDGE_CURVE('',#655,#637,#113,.T.);
#829=EDGE_CURVE('',#656,#644,#114,.T.);
#830=EDGE_CURVE('',#657,#656,#496,.T.);
#831=EDGE_CURVE('',#658,#657,#497,.T.);
#832=EDGE_CURVE('',#658,#650,#115,.T.);
#833=EDGE_CURVE('',#600,#659,#46,.T.);
#834=EDGE_CURVE('',#659,#629,#116,.T.);
#835=EDGE_CURVE('',#659,#660,#117,.T.);
#836=EDGE_CURVE('',#630,#660,#118,.T.);
#837=EDGE_CURVE('',#661,#646,#119,.T.);
#838=EDGE_CURVE('',#660,#661,#120,.T.);
#839=EDGE_CURVE('',#662,#610,#47,.T.);
#840=EDGE_CURVE('',#640,#662,#121,.T.);
#841=EDGE_CURVE('',#662,#663,#122,.T.);
#842=EDGE_CURVE('',#664,#663,#123,.T.);
#843=EDGE_CURVE('',#655,#664,#124,.T.);
#844=EDGE_CURVE('',#663,#639,#125,.T.);
#845=EDGE_CURVE('',#661,#631,#126,.T.);
#846=EDGE_CURVE('',#638,#664,#127,.T.);
#847=EDGE_CURVE('',#647,#644,#549,.T.);
#848=EDGE_CURVE('',#665,#666,#550,.T.);
#849=EDGE_CURVE('',#667,#665,#128,.T.);
#850=EDGE_CURVE('',#667,#668,#129,.T.);
#851=EDGE_CURVE('',#668,#669,#130,.T.);
#852=EDGE_CURVE('',#670,#669,#131,.T.);
#853=EDGE_CURVE('',#671,#670,#551,.T.);
#854=EDGE_CURVE('',#672,#671,#132,.T.);
#855=EDGE_CURVE('',#673,#672,#552,.T.);
#856=EDGE_CURVE('',#666,#673,#133,.T.);
#857=EDGE_CURVE('',#674,#675,#134,.T.);
#858=EDGE_CURVE('',#676,#674,#553,.T.);
#859=EDGE_CURVE('',#677,#676,#135,.T.);
#860=EDGE_CURVE('',#678,#677,#554,.T.);
#861=EDGE_CURVE('',#679,#678,#136,.T.);
#862=EDGE_CURVE('',#679,#680,#137,.T.);
#863=EDGE_CURVE('',#681,#680,#138,.T.);
#864=EDGE_CURVE('',#675,#681,#139,.T.);
#865=EDGE_CURVE('',#682,#683,#140,.T.);
#866=EDGE_CURVE('',#684,#682,#141,.T.);
#867=EDGE_CURVE('',#684,#685,#142,.T.);
#868=EDGE_CURVE('',#685,#686,#143,.T.);
#869=EDGE_CURVE('',#687,#686,#144,.T.);
#870=EDGE_CURVE('',#688,#687,#145,.T.);
#871=EDGE_CURVE('',#689,#688,#146,.T.);
#872=EDGE_CURVE('',#690,#689,#555,.T.);
#873=EDGE_CURVE('',#691,#690,#147,.T.);
#874=EDGE_CURVE('',#692,#691,#556,.T.);
#875=EDGE_CURVE('',#693,#692,#148,.T.);
#876=EDGE_CURVE('',#683,#693,#557,.T.);
#877=EDGE_CURVE('',#669,#679,#498,.T.);
#878=EDGE_CURVE('',#680,#668,#499,.T.);
#879=EDGE_CURVE('',#694,#695,#149,.T.);
#880=EDGE_CURVE('',#696,#694,#558,.T.);
#881=EDGE_CURVE('',#697,#696,#150,.T.);
#882=EDGE_CURVE('',#698,#697,#559,.T.);
#883=EDGE_CURVE('',#699,#698,#151,.T.);
#884=EDGE_CURVE('',#700,#699,#560,.T.);
#885=EDGE_CURVE('',#701,#700,#152,.T.);
#886=EDGE_CURVE('',#702,#701,#153,.T.);
#887=EDGE_CURVE('',#703,#702,#154,.T.);
#888=EDGE_CURVE('',#703,#704,#155,.T.);
#889=EDGE_CURVE('',#705,#704,#156,.T.);
#890=EDGE_CURVE('',#695,#705,#157,.T.);
#891=EDGE_CURVE('',#681,#667,#500,.T.);
#892=EDGE_CURVE('',#705,#684,#501,.T.);
#893=EDGE_CURVE('',#704,#685,#502,.T.);
#894=EDGE_CURVE('',#686,#703,#503,.T.);
#895=EDGE_CURVE('',#706,#689,#561,.T.);
#896=EDGE_CURVE('',#707,#706,#562,.T.);
#897=EDGE_CURVE('',#707,#690,#563,.T.);
#898=EDGE_CURVE('',#706,#688,#504,.T.);
#899=EDGE_CURVE('',#687,#707,#505,.T.);
#900=EDGE_CURVE('',#666,#708,#564,.T.);
#901=EDGE_CURVE('',#708,#709,#565,.T.);
#902=EDGE_CURVE('',#709,#710,#566,.T.);
#903=EDGE_CURVE('',#665,#710,#567,.T.);
#904=EDGE_CURVE('',#682,#675,#506,.T.);
#905=EDGE_CURVE('',#710,#711,#507,.T.);
#906=EDGE_CURVE('',#711,#622,#158,.T.);
#907=EDGE_CURVE('',#621,#712,#159,.T.);
#908=EDGE_CURVE('',#712,#713,#568,.T.);
#909=EDGE_CURVE('',#713,#695,#508,.T.);
#910=EDGE_CURVE('',#714,#673,#569,.T.);
#911=EDGE_CURVE('',#708,#714,#160,.T.);
#912=EDGE_CURVE('',#674,#683,#570,.T.);
#913=EDGE_CURVE('',#694,#713,#571,.T.);
#914=EDGE_CURVE('',#676,#693,#572,.T.);
#915=EDGE_CURVE('',#715,#672,#573,.T.);
#916=EDGE_CURVE('',#715,#714,#574,.T.);
#917=EDGE_CURVE('',#677,#692,#575,.T.);
#918=EDGE_CURVE('',#716,#671,#576,.T.);
#919=EDGE_CURVE('',#716,#717,#161,.T.);
#920=EDGE_CURVE('',#717,#715,#162,.T.);
#921=EDGE_CURVE('',#718,#702,#509,.T.);
#922=EDGE_CURVE('',#719,#718,#577,.T.);
#923=EDGE_CURVE('',#719,#720,#163,.T.);
#924=EDGE_CURVE('',#720,#658,#578,.T.);
#925=EDGE_CURVE('',#657,#721,#164,.T.);
#926=EDGE_CURVE('',#721,#721,#510,.T.);
#927=EDGE_CURVE('',#656,#722,#579,.T.);
#928=EDGE_CURVE('',#723,#722,#165,.T.);
#929=EDGE_CURVE('',#670,#723,#580,.T.);
#930=EDGE_CURVE('',#691,#678,#581,.T.);
#931=EDGE_CURVE('',#723,#716,#582,.T.);
#932=EDGE_CURVE('',#724,#718,#583,.T.);
#933=EDGE_CURVE('',#724,#725,#584,.T.);
#934=EDGE_CURVE('',#725,#719,#585,.T.);
#935=EDGE_CURVE('',#699,#726,#586,.T.);
#936=EDGE_CURVE('',#726,#727,#587,.T.);
#937=EDGE_CURVE('',#700,#727,#588,.T.);
#938=EDGE_CURVE('',#720,#654,#166,.T.);
#939=EDGE_CURVE('',#722,#647,#167,.T.);
#940=EDGE_CURVE('',#717,#596,#168,.T.);
#941=EDGE_CURVE('',#709,#711,#169,.T.);
#942=EDGE_CURVE('',#727,#725,#170,.T.);
#943=EDGE_CURVE('',#726,#728,#171,.T.);
#944=EDGE_CURVE('',#729,#728,#589,.T.);
#945=EDGE_CURVE('',#730,#729,#172,.T.);
#946=EDGE_CURVE('',#712,#730,#590,.T.);
#947=EDGE_CURVE('',#728,#698,#591,.T.);
#948=EDGE_CURVE('',#696,#730,#592,.T.);
#949=EDGE_CURVE('',#697,#729,#593,.T.);
#950=EDGE_CURVE('',#701,#724,#511,.T.);
#951=EDGE_CURVE('',#731,#731,#512,.T.);
#952=EDGE_CURVE('',#731,#628,#513,.T.);
#953=EDGE_CURVE('',#732,#732,#514,.T.);
#954=EDGE_CURVE('',#732,#733,#515,.T.);
#955=EDGE_CURVE('',#733,#733,#516,.T.);
#956=EDGE_CURVE('',#734,#734,#517,.T.);
#957=EDGE_CURVE('',#734,#733,#173,.T.);
#958=EDGE_CURVE('',#735,#736,#518,.T.);
#959=EDGE_CURVE('',#736,#737,#519,.T.);
#960=EDGE_CURVE('',#737,#737,#520,.T.);
#961=EDGE_CURVE('',#736,#735,#521,.T.);
#962=EDGE_CURVE('',#738,#738,#522,.T.);
#963=EDGE_CURVE('',#738,#735,#174,.T.);
#964=EDGE_CURVE('',#739,#739,#523,.T.);
#965=EDGE_CURVE('',#740,#740,#524,.T.);
#966=EDGE_CURVE('',#740,#739,#175,.T.);
#967=ORIENTED_EDGE('',*,*,#741,.F.);
#968=ORIENTED_EDGE('',*,*,#742,.T.);
#969=ORIENTED_EDGE('',*,*,#743,.F.);
#970=ORIENTED_EDGE('',*,*,#744,.T.);
#971=ORIENTED_EDGE('',*,*,#745,.T.);
#972=ORIENTED_EDGE('',*,*,#744,.F.);
#973=ORIENTED_EDGE('',*,*,#746,.T.);
#974=ORIENTED_EDGE('',*,*,#747,.F.);
#975=ORIENTED_EDGE('',*,*,#748,.F.);
#976=ORIENTED_EDGE('',*,*,#749,.T.);
#977=ORIENTED_EDGE('',*,*,#750,.T.);
#978=ORIENTED_EDGE('',*,*,#751,.T.);
#979=ORIENTED_EDGE('',*,*,#752,.T.);
#980=ORIENTED_EDGE('',*,*,#753,.T.);
#981=ORIENTED_EDGE('',*,*,#754,.F.);
#982=ORIENTED_EDGE('',*,*,#755,.T.);
#983=ORIENTED_EDGE('',*,*,#755,.F.);
#984=ORIENTED_EDGE('',*,*,#756,.T.);
#985=ORIENTED_EDGE('',*,*,#757,.F.);
#986=ORIENTED_EDGE('',*,*,#758,.F.);
#987=ORIENTED_EDGE('',*,*,#759,.F.);
#988=ORIENTED_EDGE('',*,*,#760,.T.);
#989=ORIENTED_EDGE('',*,*,#761,.T.);
#990=ORIENTED_EDGE('',*,*,#762,.T.);
#991=ORIENTED_EDGE('',*,*,#763,.T.);
#992=ORIENTED_EDGE('',*,*,#764,.T.);
#993=ORIENTED_EDGE('',*,*,#765,.T.);
#994=ORIENTED_EDGE('',*,*,#766,.F.);
#995=ORIENTED_EDGE('',*,*,#767,.T.);
#996=ORIENTED_EDGE('',*,*,#763,.F.);
#997=ORIENTED_EDGE('',*,*,#768,.T.);
#998=ORIENTED_EDGE('',*,*,#769,.T.);
#999=ORIENTED_EDGE('',*,*,#770,.F.);
#1000=ORIENTED_EDGE('',*,*,#771,.F.);
#1001=ORIENTED_EDGE('',*,*,#765,.F.);
#1002=ORIENTED_EDGE('',*,*,#772,.T.);
#1003=ORIENTED_EDGE('',*,*,#752,.F.);
#1004=ORIENTED_EDGE('',*,*,#773,.T.);
#1005=ORIENTED_EDGE('',*,*,#774,.F.);
#1006=ORIENTED_EDGE('',*,*,#775,.T.);
#1007=ORIENTED_EDGE('',*,*,#742,.F.);
#1008=ORIENTED_EDGE('',*,*,#768,.F.);
#1009=ORIENTED_EDGE('',*,*,#776,.T.);
#1010=ORIENTED_EDGE('',*,*,#753,.F.);
#1011=ORIENTED_EDGE('',*,*,#772,.F.);
#1012=ORIENTED_EDGE('',*,*,#762,.F.);
#1013=ORIENTED_EDGE('',*,*,#777,.F.);
#1014=ORIENTED_EDGE('',*,*,#756,.F.);
#1015=ORIENTED_EDGE('',*,*,#754,.T.);
#1016=ORIENTED_EDGE('',*,*,#776,.F.);
#1017=ORIENTED_EDGE('',*,*,#778,.T.);
#1018=ORIENTED_EDGE('',*,*,#779,.T.);
#1019=ORIENTED_EDGE('',*,*,#780,.T.);
#1020=ORIENTED_EDGE('',*,*,#781,.T.);
#1021=ORIENTED_EDGE('',*,*,#770,.T.);
#1022=ORIENTED_EDGE('',*,*,#782,.T.);
#1023=ORIENTED_EDGE('',*,*,#780,.F.);
#1024=ORIENTED_EDGE('',*,*,#783,.T.);
#1025=ORIENTED_EDGE('',*,*,#784,.T.);
#1026=ORIENTED_EDGE('',*,*,#767,.F.);
#1027=ORIENTED_EDGE('',*,*,#785,.F.);
#1028=ORIENTED_EDGE('',*,*,#786,.F.);
#1029=ORIENTED_EDGE('',*,*,#783,.F.);
#1030=ORIENTED_EDGE('',*,*,#779,.F.);
#1031=ORIENTED_EDGE('',*,*,#787,.T.);
#1032=ORIENTED_EDGE('',*,*,#764,.F.);
#1033=ORIENTED_EDGE('',*,*,#782,.F.);
#1034=ORIENTED_EDGE('',*,*,#769,.F.);
#1035=ORIENTED_EDGE('',*,*,#741,.T.);
#1036=ORIENTED_EDGE('',*,*,#788,.T.);
#1037=ORIENTED_EDGE('',*,*,#781,.F.);
#1038=ORIENTED_EDGE('',*,*,#788,.F.);
#1039=ORIENTED_EDGE('',*,*,#745,.F.);
#1040=ORIENTED_EDGE('',*,*,#750,.F.);
#1041=ORIENTED_EDGE('',*,*,#789,.F.);
#1042=ORIENTED_EDGE('',*,*,#761,.F.);
#1043=ORIENTED_EDGE('',*,*,#787,.F.);
#1044=ORIENTED_EDGE('',*,*,#778,.F.);
#1045=ORIENTED_EDGE('',*,*,#789,.T.);
#1046=ORIENTED_EDGE('',*,*,#749,.F.);
#1047=ORIENTED_EDGE('',*,*,#790,.F.);
#1048=ORIENTED_EDGE('',*,*,#791,.T.);
#1049=ORIENTED_EDGE('',*,*,#792,.F.);
#1050=ORIENTED_EDGE('',*,*,#793,.F.);
#1051=ORIENTED_EDGE('',*,*,#794,.T.);
#1052=ORIENTED_EDGE('',*,*,#795,.F.);
#1053=ORIENTED_EDGE('',*,*,#796,.T.);
#1054=ORIENTED_EDGE('',*,*,#797,.T.);
#1055=ORIENTED_EDGE('',*,*,#798,.T.);
#1056=ORIENTED_EDGE('',*,*,#799,.F.);
#1057=ORIENTED_EDGE('',*,*,#800,.F.);
#1058=ORIENTED_EDGE('',*,*,#801,.F.);
#1059=ORIENTED_EDGE('',*,*,#802,.F.);
#1060=ORIENTED_EDGE('',*,*,#757,.T.);
#1061=ORIENTED_EDGE('',*,*,#777,.T.);
#1062=ORIENTED_EDGE('',*,*,#795,.T.);
#1063=ORIENTED_EDGE('',*,*,#803,.T.);
#1064=ORIENTED_EDGE('',*,*,#804,.T.);
#1065=ORIENTED_EDGE('',*,*,#805,.T.);
#1066=ORIENTED_EDGE('',*,*,#806,.T.);
#1067=ORIENTED_EDGE('',*,*,#807,.F.);
#1068=ORIENTED_EDGE('',*,*,#804,.F.);
#1069=ORIENTED_EDGE('',*,*,#808,.T.);
#1070=ORIENTED_EDGE('',*,*,#809,.F.);
#1071=ORIENTED_EDGE('',*,*,#808,.F.);
#1072=ORIENTED_EDGE('',*,*,#803,.F.);
#1073=ORIENTED_EDGE('',*,*,#794,.F.);
#1074=ORIENTED_EDGE('',*,*,#810,.T.);
#1075=ORIENTED_EDGE('',*,*,#811,.T.);
#1076=ORIENTED_EDGE('',*,*,#746,.F.);
#1077=ORIENTED_EDGE('',*,*,#743,.T.);
#1078=ORIENTED_EDGE('',*,*,#812,.T.);
#1079=ORIENTED_EDGE('',*,*,#813,.F.);
#1080=ORIENTED_EDGE('',*,*,#814,.T.);
#1081=ORIENTED_EDGE('',*,*,#815,.T.);
#1082=ORIENTED_EDGE('',*,*,#797,.F.);
#1083=ORIENTED_EDGE('',*,*,#816,.T.);
#1084=ORIENTED_EDGE('',*,*,#817,.T.);
#1085=ORIENTED_EDGE('',*,*,#818,.T.);
#1086=ORIENTED_EDGE('',*,*,#814,.F.);
#1087=ORIENTED_EDGE('',*,*,#819,.F.);
#1088=ORIENTED_EDGE('',*,*,#820,.F.);
#1089=ORIENTED_EDGE('',*,*,#821,.T.);
#1090=ORIENTED_EDGE('',*,*,#817,.F.);
#1091=ORIENTED_EDGE('',*,*,#822,.T.);
#1092=ORIENTED_EDGE('',*,*,#820,.T.);
#1093=ORIENTED_EDGE('',*,*,#822,.F.);
#1094=ORIENTED_EDGE('',*,*,#823,.T.);
#1095=ORIENTED_EDGE('',*,*,#824,.T.);
#1096=ORIENTED_EDGE('',*,*,#805,.F.);
#1097=ORIENTED_EDGE('',*,*,#825,.F.);
#1098=ORIENTED_EDGE('',*,*,#816,.F.);
#1099=ORIENTED_EDGE('',*,*,#796,.F.);
#1100=ORIENTED_EDGE('',*,*,#821,.F.);
#1101=ORIENTED_EDGE('',*,*,#824,.F.);
#1102=ORIENTED_EDGE('',*,*,#826,.T.);
#1103=ORIENTED_EDGE('',*,*,#751,.F.);
#1104=ORIENTED_EDGE('',*,*,#760,.F.);
#1105=ORIENTED_EDGE('',*,*,#827,.T.);
#1106=ORIENTED_EDGE('',*,*,#828,.T.);
#1107=ORIENTED_EDGE('',*,*,#798,.F.);
#1108=ORIENTED_EDGE('',*,*,#815,.F.);
#1109=ORIENTED_EDGE('',*,*,#818,.F.);
#1110=ORIENTED_EDGE('',*,*,#819,.T.);
#1111=ORIENTED_EDGE('',*,*,#825,.T.);
#1112=ORIENTED_EDGE('',*,*,#807,.T.);
#1113=ORIENTED_EDGE('',*,*,#829,.F.);
#1114=ORIENTED_EDGE('',*,*,#830,.F.);
#1115=ORIENTED_EDGE('',*,*,#831,.F.);
#1116=ORIENTED_EDGE('',*,*,#832,.T.);
#1117=ORIENTED_EDGE('',*,*,#833,.T.);
#1118=ORIENTED_EDGE('',*,*,#834,.T.);
#1119=ORIENTED_EDGE('',*,*,#790,.T.);
#1120=ORIENTED_EDGE('',*,*,#748,.T.);
#1121=ORIENTED_EDGE('',*,*,#834,.F.);
#1122=ORIENTED_EDGE('',*,*,#835,.T.);
#1123=ORIENTED_EDGE('',*,*,#836,.F.);
#1124=ORIENTED_EDGE('',*,*,#791,.F.);
#1125=ORIENTED_EDGE('',*,*,#833,.F.);
#1126=ORIENTED_EDGE('',*,*,#747,.T.);
#1127=ORIENTED_EDGE('',*,*,#811,.F.);
#1128=ORIENTED_EDGE('',*,*,#837,.F.);
#1129=ORIENTED_EDGE('',*,*,#838,.F.);
#1130=ORIENTED_EDGE('',*,*,#835,.F.);
#1131=ORIENTED_EDGE('',*,*,#839,.T.);
#1132=ORIENTED_EDGE('',*,*,#758,.T.);
#1133=ORIENTED_EDGE('',*,*,#802,.T.);
#1134=ORIENTED_EDGE('',*,*,#840,.T.);
#1135=ORIENTED_EDGE('',*,*,#839,.F.);
#1136=ORIENTED_EDGE('',*,*,#841,.T.);
#1137=ORIENTED_EDGE('',*,*,#842,.F.);
#1138=ORIENTED_EDGE('',*,*,#843,.F.);
#1139=ORIENTED_EDGE('',*,*,#827,.F.);
#1140=ORIENTED_EDGE('',*,*,#759,.T.);
#1141=ORIENTED_EDGE('',*,*,#840,.F.);
#1142=ORIENTED_EDGE('',*,*,#801,.T.);
#1143=ORIENTED_EDGE('',*,*,#844,.F.);
#1144=ORIENTED_EDGE('',*,*,#841,.F.);
#1145=ORIENTED_EDGE('',*,*,#838,.T.);
#1146=ORIENTED_EDGE('',*,*,#845,.T.);
#1147=ORIENTED_EDGE('',*,*,#792,.T.);
#1148=ORIENTED_EDGE('',*,*,#836,.T.);
#1149=ORIENTED_EDGE('',*,*,#845,.F.);
#1150=ORIENTED_EDGE('',*,*,#837,.T.);
#1151=ORIENTED_EDGE('',*,*,#810,.F.);
#1152=ORIENTED_EDGE('',*,*,#793,.T.);
#1153=ORIENTED_EDGE('',*,*,#800,.T.);
#1154=ORIENTED_EDGE('',*,*,#846,.T.);
#1155=ORIENTED_EDGE('',*,*,#842,.T.);
#1156=ORIENTED_EDGE('',*,*,#844,.T.);
#1157=ORIENTED_EDGE('',*,*,#846,.F.);
#1158=ORIENTED_EDGE('',*,*,#799,.T.);
#1159=ORIENTED_EDGE('',*,*,#828,.F.);
#1160=ORIENTED_EDGE('',*,*,#843,.T.);
#1161=ORIENTED_EDGE('',*,*,#809,.T.);
#1162=ORIENTED_EDGE('',*,*,#813,.T.);
#1163=ORIENTED_EDGE('',*,*,#847,.T.);
#1164=ORIENTED_EDGE('',*,*,#806,.F.);
#1165=ORIENTED_EDGE('',*,*,#848,.F.);
#1166=ORIENTED_EDGE('',*,*,#849,.F.);
#1167=ORIENTED_EDGE('',*,*,#850,.T.);
#1168=ORIENTED_EDGE('',*,*,#851,.T.);
#1169=ORIENTED_EDGE('',*,*,#852,.F.);
#1170=ORIENTED_EDGE('',*,*,#853,.F.);
#1171=ORIENTED_EDGE('',*,*,#854,.F.);
#1172=ORIENTED_EDGE('',*,*,#855,.F.);
#1173=ORIENTED_EDGE('',*,*,#856,.F.);
#1174=ORIENTED_EDGE('',*,*,#857,.F.);
#1175=ORIENTED_EDGE('',*,*,#858,.F.);
#1176=ORIENTED_EDGE('',*,*,#859,.F.);
#1177=ORIENTED_EDGE('',*,*,#860,.F.);
#1178=ORIENTED_EDGE('',*,*,#861,.F.);
#1179=ORIENTED_EDGE('',*,*,#862,.T.);
#1180=ORIENTED_EDGE('',*,*,#863,.F.);
#1181=ORIENTED_EDGE('',*,*,#864,.F.);
#1182=ORIENTED_EDGE('',*,*,#865,.F.);
#1183=ORIENTED_EDGE('',*,*,#866,.F.);
#1184=ORIENTED_EDGE('',*,*,#867,.T.);
#1185=ORIENTED_EDGE('',*,*,#868,.T.);
#1186=ORIENTED_EDGE('',*,*,#869,.F.);
#1187=ORIENTED_EDGE('',*,*,#870,.F.);
#1188=ORIENTED_EDGE('',*,*,#871,.F.);
#1189=ORIENTED_EDGE('',*,*,#872,.F.);
#1190=ORIENTED_EDGE('',*,*,#873,.F.);
#1191=ORIENTED_EDGE('',*,*,#874,.F.);
#1192=ORIENTED_EDGE('',*,*,#875,.F.);
#1193=ORIENTED_EDGE('',*,*,#876,.F.);
#1194=ORIENTED_EDGE('',*,*,#877,.F.);
#1195=ORIENTED_EDGE('',*,*,#851,.F.);
#1196=ORIENTED_EDGE('',*,*,#878,.F.);
#1197=ORIENTED_EDGE('',*,*,#862,.F.);
#1198=ORIENTED_EDGE('',*,*,#879,.F.);
#1199=ORIENTED_EDGE('',*,*,#880,.F.);
#1200=ORIENTED_EDGE('',*,*,#881,.F.);
#1201=ORIENTED_EDGE('',*,*,#882,.F.);
#1202=ORIENTED_EDGE('',*,*,#883,.F.);
#1203=ORIENTED_EDGE('',*,*,#884,.F.);
#1204=ORIENTED_EDGE('',*,*,#885,.F.);
#1205=ORIENTED_EDGE('',*,*,#886,.F.);
#1206=ORIENTED_EDGE('',*,*,#887,.F.);
#1207=ORIENTED_EDGE('',*,*,#888,.T.);
#1208=ORIENTED_EDGE('',*,*,#889,.F.);
#1209=ORIENTED_EDGE('',*,*,#890,.F.);
#1210=ORIENTED_EDGE('',*,*,#891,.F.);
#1211=ORIENTED_EDGE('',*,*,#863,.T.);
#1212=ORIENTED_EDGE('',*,*,#878,.T.);
#1213=ORIENTED_EDGE('',*,*,#850,.F.);
#1214=ORIENTED_EDGE('',*,*,#892,.F.);
#1215=ORIENTED_EDGE('',*,*,#889,.T.);
#1216=ORIENTED_EDGE('',*,*,#893,.T.);
#1217=ORIENTED_EDGE('',*,*,#867,.F.);
#1218=ORIENTED_EDGE('',*,*,#894,.F.);
#1219=ORIENTED_EDGE('',*,*,#868,.F.);
#1220=ORIENTED_EDGE('',*,*,#893,.F.);
#1221=ORIENTED_EDGE('',*,*,#888,.F.);
#1222=ORIENTED_EDGE('',*,*,#872,.T.);
#1223=ORIENTED_EDGE('',*,*,#895,.F.);
#1224=ORIENTED_EDGE('',*,*,#896,.F.);
#1225=ORIENTED_EDGE('',*,*,#897,.T.);
#1226=ORIENTED_EDGE('',*,*,#871,.T.);
#1227=ORIENTED_EDGE('',*,*,#898,.F.);
#1228=ORIENTED_EDGE('',*,*,#895,.T.);
#1229=ORIENTED_EDGE('',*,*,#870,.T.);
#1230=ORIENTED_EDGE('',*,*,#899,.T.);
#1231=ORIENTED_EDGE('',*,*,#896,.T.);
#1232=ORIENTED_EDGE('',*,*,#898,.T.);
#1233=ORIENTED_EDGE('',*,*,#848,.T.);
#1234=ORIENTED_EDGE('',*,*,#900,.T.);
#1235=ORIENTED_EDGE('',*,*,#901,.T.);
#1236=ORIENTED_EDGE('',*,*,#902,.T.);
#1237=ORIENTED_EDGE('',*,*,#903,.F.);
#1238=ORIENTED_EDGE('',*,*,#890,.T.);
#1239=ORIENTED_EDGE('',*,*,#892,.T.);
#1240=ORIENTED_EDGE('',*,*,#866,.T.);
#1241=ORIENTED_EDGE('',*,*,#904,.T.);
#1242=ORIENTED_EDGE('',*,*,#864,.T.);
#1243=ORIENTED_EDGE('',*,*,#891,.T.);
#1244=ORIENTED_EDGE('',*,*,#849,.T.);
#1245=ORIENTED_EDGE('',*,*,#903,.T.);
#1246=ORIENTED_EDGE('',*,*,#905,.T.);
#1247=ORIENTED_EDGE('',*,*,#906,.T.);
#1248=ORIENTED_EDGE('',*,*,#774,.T.);
#1249=ORIENTED_EDGE('',*,*,#907,.T.);
#1250=ORIENTED_EDGE('',*,*,#908,.T.);
#1251=ORIENTED_EDGE('',*,*,#909,.T.);
#1252=ORIENTED_EDGE('',*,*,#856,.T.);
#1253=ORIENTED_EDGE('',*,*,#910,.F.);
#1254=ORIENTED_EDGE('',*,*,#911,.F.);
#1255=ORIENTED_EDGE('',*,*,#900,.F.);
#1256=ORIENTED_EDGE('',*,*,#865,.T.);
#1257=ORIENTED_EDGE('',*,*,#912,.F.);
#1258=ORIENTED_EDGE('',*,*,#857,.T.);
#1259=ORIENTED_EDGE('',*,*,#904,.F.);
#1260=ORIENTED_EDGE('',*,*,#879,.T.);
#1261=ORIENTED_EDGE('',*,*,#909,.F.);
#1262=ORIENTED_EDGE('',*,*,#913,.F.);
#1263=ORIENTED_EDGE('',*,*,#876,.T.);
#1264=ORIENTED_EDGE('',*,*,#914,.F.);
#1265=ORIENTED_EDGE('',*,*,#858,.T.);
#1266=ORIENTED_EDGE('',*,*,#912,.T.);
#1267=ORIENTED_EDGE('',*,*,#855,.T.);
#1268=ORIENTED_EDGE('',*,*,#915,.F.);
#1269=ORIENTED_EDGE('',*,*,#916,.T.);
#1270=ORIENTED_EDGE('',*,*,#910,.T.);
#1271=ORIENTED_EDGE('',*,*,#875,.T.);
#1272=ORIENTED_EDGE('',*,*,#917,.F.);
#1273=ORIENTED_EDGE('',*,*,#859,.T.);
#1274=ORIENTED_EDGE('',*,*,#914,.T.);
#1275=ORIENTED_EDGE('',*,*,#854,.T.);
#1276=ORIENTED_EDGE('',*,*,#918,.F.);
#1277=ORIENTED_EDGE('',*,*,#919,.T.);
#1278=ORIENTED_EDGE('',*,*,#920,.T.);
#1279=ORIENTED_EDGE('',*,*,#915,.T.);
#1280=ORIENTED_EDGE('',*,*,#873,.T.);
#1281=ORIENTED_EDGE('',*,*,#897,.F.);
#1282=ORIENTED_EDGE('',*,*,#899,.F.);
#1283=ORIENTED_EDGE('',*,*,#869,.T.);
#1284=ORIENTED_EDGE('',*,*,#894,.T.);
#1285=ORIENTED_EDGE('',*,*,#887,.T.);
#1286=ORIENTED_EDGE('',*,*,#921,.F.);
#1287=ORIENTED_EDGE('',*,*,#922,.F.);
#1288=ORIENTED_EDGE('',*,*,#923,.T.);
#1289=ORIENTED_EDGE('',*,*,#924,.T.);
#1290=ORIENTED_EDGE('',*,*,#831,.T.);
#1291=ORIENTED_EDGE('',*,*,#925,.T.);
#1292=ORIENTED_EDGE('',*,*,#926,.T.);
#1293=ORIENTED_EDGE('',*,*,#925,.F.);
#1294=ORIENTED_EDGE('',*,*,#830,.T.);
#1295=ORIENTED_EDGE('',*,*,#927,.T.);
#1296=ORIENTED_EDGE('',*,*,#928,.F.);
#1297=ORIENTED_EDGE('',*,*,#929,.F.);
#1298=ORIENTED_EDGE('',*,*,#852,.T.);
#1299=ORIENTED_EDGE('',*,*,#877,.T.);
#1300=ORIENTED_EDGE('',*,*,#861,.T.);
#1301=ORIENTED_EDGE('',*,*,#930,.F.);
#1302=ORIENTED_EDGE('',*,*,#874,.T.);
#1303=ORIENTED_EDGE('',*,*,#930,.T.);
#1304=ORIENTED_EDGE('',*,*,#860,.T.);
#1305=ORIENTED_EDGE('',*,*,#917,.T.);
#1306=ORIENTED_EDGE('',*,*,#853,.T.);
#1307=ORIENTED_EDGE('',*,*,#929,.T.);
#1308=ORIENTED_EDGE('',*,*,#931,.T.);
#1309=ORIENTED_EDGE('',*,*,#918,.T.);
#1310=ORIENTED_EDGE('',*,*,#922,.T.);
#1311=ORIENTED_EDGE('',*,*,#932,.F.);
#1312=ORIENTED_EDGE('',*,*,#933,.T.);
#1313=ORIENTED_EDGE('',*,*,#934,.T.);
#1314=ORIENTED_EDGE('',*,*,#884,.T.);
#1315=ORIENTED_EDGE('',*,*,#935,.T.);
#1316=ORIENTED_EDGE('',*,*,#936,.T.);
#1317=ORIENTED_EDGE('',*,*,#937,.F.);
#1318=ORIENTED_EDGE('',*,*,#924,.F.);
#1319=ORIENTED_EDGE('',*,*,#938,.T.);
#1320=ORIENTED_EDGE('',*,*,#823,.F.);
#1321=ORIENTED_EDGE('',*,*,#832,.F.);
#1322=ORIENTED_EDGE('',*,*,#927,.F.);
#1323=ORIENTED_EDGE('',*,*,#829,.T.);
#1324=ORIENTED_EDGE('',*,*,#847,.F.);
#1325=ORIENTED_EDGE('',*,*,#939,.F.);
#1326=ORIENTED_EDGE('',*,*,#928,.T.);
#1327=ORIENTED_EDGE('',*,*,#939,.T.);
#1328=ORIENTED_EDGE('',*,*,#812,.F.);
#1329=ORIENTED_EDGE('',*,*,#940,.F.);
#1330=ORIENTED_EDGE('',*,*,#919,.F.);
#1331=ORIENTED_EDGE('',*,*,#931,.F.);
#1332=ORIENTED_EDGE('',*,*,#911,.T.);
#1333=ORIENTED_EDGE('',*,*,#916,.F.);
#1334=ORIENTED_EDGE('',*,*,#920,.F.);
#1335=ORIENTED_EDGE('',*,*,#940,.T.);
#1336=ORIENTED_EDGE('',*,*,#775,.F.);
#1337=ORIENTED_EDGE('',*,*,#906,.F.);
#1338=ORIENTED_EDGE('',*,*,#941,.F.);
#1339=ORIENTED_EDGE('',*,*,#901,.F.);
#1340=ORIENTED_EDGE('',*,*,#923,.F.);
#1341=ORIENTED_EDGE('',*,*,#934,.F.);
#1342=ORIENTED_EDGE('',*,*,#942,.F.);
#1343=ORIENTED_EDGE('',*,*,#936,.F.);
#1344=ORIENTED_EDGE('',*,*,#943,.T.);
#1345=ORIENTED_EDGE('',*,*,#944,.F.);
#1346=ORIENTED_EDGE('',*,*,#945,.F.);
#1347=ORIENTED_EDGE('',*,*,#946,.F.);
#1348=ORIENTED_EDGE('',*,*,#907,.F.);
#1349=ORIENTED_EDGE('',*,*,#773,.F.);
#1350=ORIENTED_EDGE('',*,*,#826,.F.);
#1351=ORIENTED_EDGE('',*,*,#938,.F.);
#1352=ORIENTED_EDGE('',*,*,#883,.T.);
#1353=ORIENTED_EDGE('',*,*,#947,.F.);
#1354=ORIENTED_EDGE('',*,*,#943,.F.);
#1355=ORIENTED_EDGE('',*,*,#935,.F.);
#1356=ORIENTED_EDGE('',*,*,#880,.T.);
#1357=ORIENTED_EDGE('',*,*,#913,.T.);
#1358=ORIENTED_EDGE('',*,*,#908,.F.);
#1359=ORIENTED_EDGE('',*,*,#946,.T.);
#1360=ORIENTED_EDGE('',*,*,#948,.F.);
#1361=ORIENTED_EDGE('',*,*,#882,.T.);
#1362=ORIENTED_EDGE('',*,*,#949,.T.);
#1363=ORIENTED_EDGE('',*,*,#944,.T.);
#1364=ORIENTED_EDGE('',*,*,#947,.T.);
#1365=ORIENTED_EDGE('',*,*,#941,.T.);
#1366=ORIENTED_EDGE('',*,*,#905,.F.);
#1367=ORIENTED_EDGE('',*,*,#902,.F.);
#1368=ORIENTED_EDGE('',*,*,#881,.T.);
#1369=ORIENTED_EDGE('',*,*,#948,.T.);
#1370=ORIENTED_EDGE('',*,*,#945,.T.);
#1371=ORIENTED_EDGE('',*,*,#949,.F.);
#1372=ORIENTED_EDGE('',*,*,#885,.T.);
#1373=ORIENTED_EDGE('',*,*,#937,.T.);
#1374=ORIENTED_EDGE('',*,*,#942,.T.);
#1375=ORIENTED_EDGE('',*,*,#933,.F.);
#1376=ORIENTED_EDGE('',*,*,#950,.F.);
#1377=ORIENTED_EDGE('',*,*,#886,.T.);
#1378=ORIENTED_EDGE('',*,*,#950,.T.);
#1379=ORIENTED_EDGE('',*,*,#932,.T.);
#1380=ORIENTED_EDGE('',*,*,#921,.T.);
#1381=ORIENTED_EDGE('',*,*,#951,.T.);
#1382=ORIENTED_EDGE('',*,*,#952,.T.);
#1383=ORIENTED_EDGE('',*,*,#785,.T.);
#1384=ORIENTED_EDGE('',*,*,#766,.T.);
#1385=ORIENTED_EDGE('',*,*,#771,.T.);
#1386=ORIENTED_EDGE('',*,*,#784,.F.);
#1387=ORIENTED_EDGE('',*,*,#786,.T.);
#1388=ORIENTED_EDGE('',*,*,#952,.F.);
#1389=ORIENTED_EDGE('',*,*,#951,.F.);
#1390=ORIENTED_EDGE('',*,*,#953,.F.);
#1391=ORIENTED_EDGE('',*,*,#953,.T.);
#1392=ORIENTED_EDGE('',*,*,#954,.T.);
#1393=ORIENTED_EDGE('',*,*,#955,.T.);
#1394=ORIENTED_EDGE('',*,*,#954,.F.);
#1395=ORIENTED_EDGE('',*,*,#956,.F.);
#1396=ORIENTED_EDGE('',*,*,#957,.T.);
#1397=ORIENTED_EDGE('',*,*,#955,.F.);
#1398=ORIENTED_EDGE('',*,*,#957,.F.);
#1399=ORIENTED_EDGE('',*,*,#958,.T.);
#1400=ORIENTED_EDGE('',*,*,#959,.T.);
#1401=ORIENTED_EDGE('',*,*,#960,.T.);
#1402=ORIENTED_EDGE('',*,*,#959,.F.);
#1403=ORIENTED_EDGE('',*,*,#961,.T.);
#1404=ORIENTED_EDGE('',*,*,#962,.F.);
#1405=ORIENTED_EDGE('',*,*,#963,.T.);
#1406=ORIENTED_EDGE('',*,*,#961,.F.);
#1407=ORIENTED_EDGE('',*,*,#958,.F.);
#1408=ORIENTED_EDGE('',*,*,#963,.F.);
#1409=ORIENTED_EDGE('',*,*,#964,.T.);
#1410=ORIENTED_EDGE('',*,*,#960,.F.);
#1411=ORIENTED_EDGE('',*,*,#965,.F.);
#1412=ORIENTED_EDGE('',*,*,#966,.T.);
#1413=ORIENTED_EDGE('',*,*,#964,.F.);
#1414=ORIENTED_EDGE('',*,*,#966,.F.);
#1415=ORIENTED_EDGE('',*,*,#926,.F.);
#1416=ORIENTED_EDGE('',*,*,#965,.T.);
#1417=ORIENTED_EDGE('',*,*,#956,.T.);
#1418=ORIENTED_EDGE('',*,*,#962,.T.);
#1419=TOROIDAL_SURFACE('',#1521,9.75,0.5);
#1420=TOROIDAL_SURFACE('',#1525,9.75,0.5);
#1421=TOROIDAL_SURFACE('',#1619,8.75,0.5);
#1422=TOROIDAL_SURFACE('',#1624,8.,0.5);
#1423=TOROIDAL_SURFACE('',#1629,6.3,0.25);
#1424=ADVANCED_FACE('',(#310),#1419,.F.);
#1425=ADVANCED_FACE('',(#311),#277,.T.);
#1426=ADVANCED_FACE('',(#312),#1420,.F.);
#1427=ADVANCED_FACE('',(#313),#278,.T.);
#1428=ADVANCED_FACE('',(#314),#48,.T.);
#1429=ADVANCED_FACE('',(#315),#21,.F.);
#1430=ADVANCED_FACE('',(#316),#49,.T.);
#1431=ADVANCED_FACE('',(#317),#50,.F.);
#1432=ADVANCED_FACE('',(#318),#279,.T.);
#1433=ADVANCED_FACE('',(#319),#51,.T.);
#1434=ADVANCED_FACE('',(#320),#22,.F.);
#1435=ADVANCED_FACE('',(#321),#280,.T.);
#1436=ADVANCED_FACE('',(#322),#52,.F.);
#1437=ADVANCED_FACE('',(#323),#281,.T.);
#1438=ADVANCED_FACE('',(#324),#282,.T.);
#1439=ADVANCED_FACE('',(#325),#23,.T.);
#1440=ADVANCED_FACE('',(#326),#24,.T.);
#1441=ADVANCED_FACE('',(#327),#283,.T.);
#1442=ADVANCED_FACE('',(#328),#25,.T.);
#1443=ADVANCED_FACE('',(#329),#26,.T.);
#1444=ADVANCED_FACE('',(#330),#27,.T.);
#1445=ADVANCED_FACE('',(#331),#53,.T.);
#1446=ADVANCED_FACE('',(#332),#19,.T.);
#1447=ADVANCED_FACE('',(#333),#284,.T.);
#1448=ADVANCED_FACE('',(#334),#285,.F.);
#1449=ADVANCED_FACE('',(#335),#54,.T.);
#1450=ADVANCED_FACE('',(#336),#286,.T.);
#1451=ADVANCED_FACE('',(#337),#287,.T.);
#1452=ADVANCED_FACE('',(#338),#55,.T.);
#1453=ADVANCED_FACE('',(#339),#288,.T.);
#1454=ADVANCED_FACE('',(#340),#289,.T.);
#1455=ADVANCED_FACE('',(#341),#290,.T.);
#1456=ADVANCED_FACE('',(#342),#291,.T.);
#1457=ADVANCED_FACE('',(#343),#292,.T.);
#1458=ADVANCED_FACE('',(#344),#293,.T.);
#1459=ADVANCED_FACE('',(#345),#56,.T.);
#1460=ADVANCED_FACE('',(#346),#294,.F.);
#1461=ADVANCED_FACE('',(#347),#295,.F.);
#1462=ADVANCED_FACE('',(#348),#296,.F.);
#1463=ADVANCED_FACE('',(#349),#297,.T.);
#1464=ADVANCED_FACE('',(#350),#298,.F.);
#1465=ADVANCED_FACE('',(#351),#57,.F.);
#1466=ADVANCED_FACE('',(#352),#58,.F.);
#1467=ADVANCED_FACE('',(#353),#299,.T.);
#1468=ADVANCED_FACE('',(#354),#28,.F.);
#1469=ADVANCED_FACE('',(#355),#59,.F.);
#1470=ADVANCED_FACE('',(#356),#300,.F.);
#1471=ADVANCED_FACE('',(#357),#29,.F.);
#1472=ADVANCED_FACE('',(#358),#301,.T.);
#1473=ADVANCED_FACE('',(#359),#60,.F.);
#1474=ADVANCED_FACE('',(#360),#61,.F.);
#1475=ADVANCED_FACE('',(#361),#62,.F.);
#1476=ADVANCED_FACE('',(#362),#30,.F.);
#1477=ADVANCED_FACE('',(#363),#31,.F.);
#1478=ADVANCED_FACE('',(#364),#63,.F.);
#1479=ADVANCED_FACE('',(#365),#64,.F.);
#1480=ADVANCED_FACE('',(#366),#65,.F.);
#1481=ADVANCED_FACE('',(#367),#32,.F.);
#1482=ADVANCED_FACE('',(#368),#33,.F.);
#1483=ADVANCED_FACE('',(#369),#34,.F.);
#1484=ADVANCED_FACE('',(#370),#35,.F.);
#1485=ADVANCED_FACE('',(#371),#66,.F.);
#1486=ADVANCED_FACE('',(#372),#67,.F.);
#1487=ADVANCED_FACE('',(#373),#302,.F.);
#1488=ADVANCED_FACE('',(#374),#303,.F.);
#1489=ADVANCED_FACE('',(#375),#304,.F.);
#1490=ADVANCED_FACE('',(#376),#68,.F.);
#1491=ADVANCED_FACE('',(#377),#36,.F.);
#1492=ADVANCED_FACE('',(#378),#37,.F.);
#1493=ADVANCED_FACE('',(#379),#69,.F.);
#1494=ADVANCED_FACE('',(#380),#70,.F.);
#1495=ADVANCED_FACE('',(#381),#71,.F.);
#1496=ADVANCED_FACE('',(#382),#305,.F.);
#1497=ADVANCED_FACE('',(#383),#1421,.T.);
#1498=ADVANCED_FACE('',(#384,#15),#306,.T.);
#1499=ADVANCED_FACE('',(#385),#1422,.F.);
#1500=ADVANCED_FACE('',(#386),#72,.T.);
#1501=ADVANCED_FACE('',(#387),#1423,.T.);
#1502=ADVANCED_FACE('',(#388),#73,.F.);
#1503=ADVANCED_FACE('',(#389,#16),#307,.F.);
#1504=ADVANCED_FACE('',(#390),#74,.F.);
#1505=ADVANCED_FACE('',(#391,#17),#308,.T.);
#1506=ADVANCED_FACE('',(#392,#18),#309,.T.);
#1507=CLOSED_SHELL('',(#1424,#1425,#1426,#1427,#1428,#1429,#1430,#1431,
#1432,#1433,#1434,#1435,#1436,#1437,#1438,#1439,#1440,#1441,#1442,#1443,
#1444,#1445,#1446,#1447,#1448,#1449,#1450,#1451,#1452,#1453,#1454,#1455,
#1456,#1457,#1458,#1459,#1460,#1461,#1462,#1463,#1464,#1465,#1466,#1467,
#1468,#1469,#1470,#1471,#1472,#1473,#1474,#1475,#1476,#1477,#1478,#1479,
#1480,#1481,#1482,#1483,#1484,#1485,#1486,#1487,#1488,#1489,#1490,#1491,
#1492,#1493,#1494,#1495,#1496,#1497,#1498,#1499,#1500,#1501,#1502,#1503,
#1504,#1505,#1506));
#1508=DERIVED_UNIT_ELEMENT(#1510,1.);
#1509=DERIVED_UNIT_ELEMENT(#3574,-3.);
#1510=(
MASS_UNIT()
NAMED_UNIT(*)
SI_UNIT(.KILO.,.GRAM.)
);
#1511=DERIVED_UNIT((#1508,#1509));
#1512=MEASURE_REPRESENTATION_ITEM('density measure',
POSITIVE_RATIO_MEASURE(7850.),#1511);
#1513=PROPERTY_DEFINITION_REPRESENTATION(#1518,#1515);
#1514=PROPERTY_DEFINITION_REPRESENTATION(#1519,#1516);
#1515=REPRESENTATION('material name',(#1517),#3571);
#1516=REPRESENTATION('density',(#1512),#3571);
#1517=DESCRIPTIVE_REPRESENTATION_ITEM('Steel','Steel');
#1518=PROPERTY_DEFINITION('material property','material name',#3581);
#1519=PROPERTY_DEFINITION('material property','density of part',#3581);
#1520=AXIS2_PLACEMENT_3D('',#1987,#1642,#1643);
#1521=AXIS2_PLACEMENT_3D('',#1988,#1644,#1645);
#1522=AXIS2_PLACEMENT_3D('',#2002,#1646,#1647);
#1523=AXIS2_PLACEMENT_3D('',#2015,#1648,#1649);
#1524=AXIS2_PLACEMENT_3D('',#2020,#1650,#1651);
#1525=AXIS2_PLACEMENT_3D('',#2030,#1657,#1658);
#1526=AXIS2_PLACEMENT_3D('',#2044,#1659,#1660);
#1527=AXIS2_PLACEMENT_3D('',#2061,#1661,#1662);
#1528=AXIS2_PLACEMENT_3D('',#2062,#1663,#1664);
#1529=AXIS2_PLACEMENT_3D('',#2072,#1670,#1671);
#1530=AXIS2_PLACEMENT_3D('',#2075,#1672,#1673);
#1531=AXIS2_PLACEMENT_3D('',#2079,#1675,#1676);
#1532=AXIS2_PLACEMENT_3D('',#2137,#1678,#1679);
#1533=AXIS2_PLACEMENT_3D('',#2138,#1680,#1681);
#1534=AXIS2_PLACEMENT_3D('',#2139,#1682,#1683);
#1535=AXIS2_PLACEMENT_3D('',#2151,#1685,#1686);
#1536=AXIS2_PLACEMENT_3D('',#2156,#1689,#1690);
#1537=AXIS2_PLACEMENT_3D('',#2158,#1692,#1693);
#1538=AXIS2_PLACEMENT_3D('',#2160,#1695,#1696);
#1539=AXIS2_PLACEMENT_3D('',#2162,#1698,#1699);
#1540=AXIS2_PLACEMENT_3D('',#2165,#1700,#1701);
#1541=AXIS2_PLACEMENT_3D('',#2169,#1703,#1704);
#1542=AXIS2_PLACEMENT_3D('',#2196,#1706,#1707);
#1543=AXIS2_PLACEMENT_3D('',#2198,#1708,#1709);
#1544=AXIS2_PLACEMENT_3D('',#2219,#1710,#1711);
#1545=AXIS2_PLACEMENT_3D('',#2234,#1713,#1714);
#1546=AXIS2_PLACEMENT_3D('',#2236,#1716,#1717);
#1547=AXIS2_PLACEMENT_3D('',#2238,#1719,#1720);
#1548=AXIS2_PLACEMENT_3D('',#2240,#1721,#1722);
#1549=AXIS2_PLACEMENT_3D('',#2364,#1731,#1732);
#1550=AXIS2_PLACEMENT_3D('',#2391,#1733,#1734);
#1551=AXIS2_PLACEMENT_3D('',#2453,#1735,#1736);
#1552=AXIS2_PLACEMENT_3D('',#2454,#1737,#1738);
#1553=AXIS2_PLACEMENT_3D('',#2484,#1739,#1740);
#1554=AXIS2_PLACEMENT_3D('',#2513,#1745,#1746);
#1555=AXIS2_PLACEMENT_3D('',#2574,#1747,#1748);
#1556=AXIS2_PLACEMENT_3D('',#2585,#1749,#1750);
#1557=AXIS2_PLACEMENT_3D('',#2669,#1751,#1752);
#1558=AXIS2_PLACEMENT_3D('',#2670,#1753,#1754);
#1559=AXIS2_PLACEMENT_3D('',#2683,#1756,#1757);
#1560=AXIS2_PLACEMENT_3D('',#2684,#1758,#1759);
#1561=AXIS2_PLACEMENT_3D('',#2685,#1760,#1761);
#1562=AXIS2_PLACEMENT_3D('',#2690,#1765,#1766);
#1563=AXIS2_PLACEMENT_3D('',#2694,#1768,#1769);
#1564=AXIS2_PLACEMENT_3D('',#2696,#1770,#1771);
#1565=AXIS2_PLACEMENT_3D('',#2698,#1773,#1774);
#1566=AXIS2_PLACEMENT_3D('',#2700,#1775,#1776);
#1567=AXIS2_PLACEMENT_3D('',#2702,#1778,#1779);
#1568=AXIS2_PLACEMENT_3D('',#2706,#1782,#1783);
#1569=AXIS2_PLACEMENT_3D('',#2710,#1786,#1787);
#1570=AXIS2_PLACEMENT_3D('',#2712,#1788,#1789);
#1571=AXIS2_PLACEMENT_3D('',#2714,#1791,#1792);
#1572=AXIS2_PLACEMENT_3D('',#2720,#1796,#1797);
#1573=AXIS2_PLACEMENT_3D('',#2722,#1799,#1800);
#1574=AXIS2_PLACEMENT_3D('',#2724,#1802,#1803);
#1575=AXIS2_PLACEMENT_3D('',#2725,#1804,#1805);
#1576=AXIS2_PLACEMENT_3D('',#2727,#1807,#1808);
#1577=AXIS2_PLACEMENT_3D('',#2728,#1809,#1810);
#1578=AXIS2_PLACEMENT_3D('',#2739,#1811,#1812);
#1579=AXIS2_PLACEMENT_3D('',#2771,#1819,#1820);
#1580=AXIS2_PLACEMENT_3D('',#2798,#1827,#1828);
#1581=AXIS2_PLACEMENT_3D('',#2838,#1838,#1839);
#1582=AXIS2_PLACEMENT_3D('',#2839,#1840,#1841);
#1583=AXIS2_PLACEMENT_3D('',#2840,#1842,#1843);
#1584=AXIS2_PLACEMENT_3D('',#2841,#1844,#1845);
#1585=AXIS2_PLACEMENT_3D('',#2881,#1855,#1856);
#1586=AXIS2_PLACEMENT_3D('',#2882,#1857,#1858);
#1587=AXIS2_PLACEMENT_3D('',#2883,#1859,#1860);
#1588=AXIS2_PLACEMENT_3D('',#2884,#1861,#1862);
#1589=AXIS2_PLACEMENT_3D('',#2885,#1863,#1864);
#1590=AXIS2_PLACEMENT_3D('',#2886,#1865,#1866);
#1591=AXIS2_PLACEMENT_3D('',#2887,#1867,#1868);
#1592=AXIS2_PLACEMENT_3D('',#2970,#1869,#1870);
#1593=AXIS2_PLACEMENT_3D('',#2971,#1871,#1872);
#1594=AXIS2_PLACEMENT_3D('',#2972,#1873,#1874);
#1595=AXIS2_PLACEMENT_3D('',#2973,#1875,#1876);
#1596=AXIS2_PLACEMENT_3D('',#3055,#1877,#1878);
#1597=AXIS2_PLACEMENT_3D('',#3056,#1879,#1880);
#1598=AXIS2_PLACEMENT_3D('',#3058,#1881,#1882);
#1599=AXIS2_PLACEMENT_3D('',#3073,#1885,#1886);
#1600=AXIS2_PLACEMENT_3D('',#3074,#1887,#1888);
#1601=AXIS2_PLACEMENT_3D('',#3084,#1890,#1891);
#1602=AXIS2_PLACEMENT_3D('',#3104,#1892,#1893);
#1603=AXIS2_PLACEMENT_3D('',#3187,#1894,#1895);
#1604=AXIS2_PLACEMENT_3D('',#3197,#1896,#1897);
#1605=AXIS2_PLACEMENT_3D('',#3207,#1900,#1901);
#1606=AXIS2_PLACEMENT_3D('',#3209,#1902,#1903);
#1607=AXIS2_PLACEMENT_3D('',#3229,#1906,#1907);
#1608=AXIS2_PLACEMENT_3D('',#3447,#1909,#1910);
#1609=AXIS2_PLACEMENT_3D('',#3449,#1912,#1913);
#1610=AXIS2_PLACEMENT_3D('',#3451,#1915,#1916);
#1611=AXIS2_PLACEMENT_3D('',#3453,#1918,#1919);
#1612=AXIS2_PLACEMENT_3D('',#3455,#1921,#1922);
#1613=AXIS2_PLACEMENT_3D('',#3470,#1926,#1927);
#1614=AXIS2_PLACEMENT_3D('',#3528,#1928,#1929);
#1615=AXIS2_PLACEMENT_3D('',#3529,#1930,#1931);
#1616=AXIS2_PLACEMENT_3D('',#3530,#1932,#1933);
#1617=AXIS2_PLACEMENT_3D('',#3531,#1934,#1935);
#1618=AXIS2_PLACEMENT_3D('',#3532,#1936,#1937);
#1619=AXIS2_PLACEMENT_3D('',#3533,#1938,#1939);
#1620=AXIS2_PLACEMENT_3D('',#3535,#1940,#1941);
#1621=AXIS2_PLACEMENT_3D('',#3536,#1942,#1943);
#1622=AXIS2_PLACEMENT_3D('',#3537,#1944,#1945);
#1623=AXIS2_PLACEMENT_3D('',#3539,#1946,#1947);
#1624=AXIS2_PLACEMENT_3D('',#3540,#1948,#1949);
#1625=AXIS2_PLACEMENT_3D('',#3542,#1950,#1951);
#1626=AXIS2_PLACEMENT_3D('',#3543,#1952,#1953);
#1627=AXIS2_PLACEMENT_3D('',#3544,#1954,#1955);
#1628=AXIS2_PLACEMENT_3D('',#3546,#1956,#1957);
#1629=AXIS2_PLACEMENT_3D('',#3548,#1959,#1960);
#1630=AXIS2_PLACEMENT_3D('',#3551,#1961,#1962);
#1631=AXIS2_PLACEMENT_3D('',#3553,#1963,#1964);
#1632=AXIS2_PLACEMENT_3D('',#3554,#1965,#1966);
#1633=AXIS2_PLACEMENT_3D('',#3555,#1967,#1968);
#1634=AXIS2_PLACEMENT_3D('',#3556,#1969,#1970);
#1635=AXIS2_PLACEMENT_3D('',#3558,#1971,#1972);
#1636=AXIS2_PLACEMENT_3D('',#3560,#1974,#1975);
#1637=AXIS2_PLACEMENT_3D('',#3562,#1976,#1977);
#1638=AXIS2_PLACEMENT_3D('',#3563,#1978,#1979);
#1639=AXIS2_PLACEMENT_3D('',#3565,#1980,#1981);
#1640=AXIS2_PLACEMENT_3D('',#3567,#1983,#1984);
#1641=AXIS2_PLACEMENT_3D('',#3568,#1985,#1986);
#1642=DIRECTION('axis',(0.,0.,1.));
#1643=DIRECTION('refdir',(1.,0.,0.));
#1644=DIRECTION('center_axis',(0.,0.,-1.));
#1645=DIRECTION('ref_axis',(-1.,0.,0.));
#1646=DIRECTION('center_axis',(0.,0.,1.));
#1647=DIRECTION('ref_axis',(-0.89367134077605,0.448722112978107,0.));
#1648=DIRECTION('center_axis',(0.,0.,-1.));
#1649=DIRECTION('ref_axis',(-0.89367134077605,0.448722112978107,0.));
#1650=DIRECTION('center_axis',(0.,0.,-1.));
#1651=DIRECTION('ref_axis',(1.,0.,0.));
#1652=DIRECTION('',(-0.970142500145332,-0.242535625036333,0.));
#1653=DIRECTION('',(0.,1.,0.));
#1654=DIRECTION('',(0.970142500145332,0.242535625036333,0.));
#1655=DIRECTION('',(5.24832702550074E-15,1.,0.));
#1656=DIRECTION('',(0.971039293143718,0.238919842564297,0.));
#1657=DIRECTION('center_axis',(0.,0.,-1.));
#1658=DIRECTION('ref_axis',(-1.,0.,0.));
#1659=DIRECTION('center_axis',(0.,0.,1.));
#1660=DIRECTION('ref_axis',(-0.89367134077605,-0.448722112978107,0.));
#1661=DIRECTION('center_axis',(0.,0.,-1.));
#1662=DIRECTION('ref_axis',(-0.89367134077605,-0.448722112978107,0.));
#1663=DIRECTION('center_axis',(0.,0.,-1.));
#1664=DIRECTION('ref_axis',(1.,0.,0.));
#1665=DIRECTION('',(-0.971039293143718,0.238919842564296,0.));
#1666=DIRECTION('',(0.,-1.,0.));
#1667=DIRECTION('',(-0.970142500145332,0.242535625036333,0.));
#1668=DIRECTION('',(0.,1.,0.));
#1669=DIRECTION('',(0.970142500145331,-0.242535625036335,0.));
#1670=DIRECTION('center_axis',(0.951759096626315,-0.234176037087966,0.198283145130483));
#1671=DIRECTION('ref_axis',(-0.30579733853048,-0.670486789993742,0.675970008352118));
#1672=DIRECTION('center_axis',(1.,-5.24832702550074E-15,0.));
#1673=DIRECTION('ref_axis',(-3.9789419149133E-15,-0.763170597753535,0.646197058740221));
#1674=DIRECTION('',(0.951759096626315,-0.234176037087966,0.198283145130483));
#1675=DIRECTION('center_axis',(-0.951759096626315,0.234176037087965,-0.198283145130483));
#1676=DIRECTION('ref_axis',(-0.238919842564295,-0.971039293143719,2.77555756156289E-16));
#1677=DIRECTION('',(-0.951759096626315,0.234176037087966,-0.198283145130483));
#1678=DIRECTION('center_axis',(-0.203954254112001,1.07041862382186E-15,
0.978980419737605));
#1679=DIRECTION('ref_axis',(0.978980419737605,-5.76049899404441E-15,0.203954254112001));
#1680=DIRECTION('center_axis',(0.328011688970412,-1.76741961488765E-15,
-0.944673664234786));
#1681=DIRECTION('ref_axis',(0.944673664234786,-5.59359174821586E-15,0.328011688970412));
#1682=DIRECTION('center_axis',(0.,0.,-1.));
#1683=DIRECTION('ref_axis',(1.,0.,0.));
#1684=DIRECTION('',(0.,0.,1.));
#1685=DIRECTION('center_axis',(0.,0.,1.));
#1686=DIRECTION('ref_axis',(-1.,0.,0.));
#1687=DIRECTION('',(0.,0.,-1.));
#1688=DIRECTION('',(0.,0.,-1.));
#1689=DIRECTION('center_axis',(0.,0.,-1.));
#1690=DIRECTION('ref_axis',(1.,0.,0.));
#1691=DIRECTION('',(-1.42126823305467E-8,-3.47693850407406E-8,0.999999999999999));
#1692=DIRECTION('center_axis',(0.,0.,-1.));
#1693=DIRECTION('ref_axis',(0.592945491607702,0.805242599458139,0.));
#1694=DIRECTION('',(0.,0.,-1.));
#1695=DIRECTION('center_axis',(-0.238919842564296,-0.971039293143718,0.));
#1696=DIRECTION('ref_axis',(-0.971039293143718,0.238919842564296,0.));
#1697=DIRECTION('',(0.,0.,1.));
#1698=DIRECTION('center_axis',(-0.951759096626315,-0.234176037087967,-0.198283145130482));
#1699=DIRECTION('ref_axis',(-0.305797338530484,0.670486789993742,0.675970008352116));
#1700=DIRECTION('center_axis',(1.,-5.24832702550074E-15,0.));
#1701=DIRECTION('ref_axis',(3.97894191491336E-15,0.763170597753551,0.646197058740202));
#1702=DIRECTION('',(0.951759096626315,0.234176037087967,0.198283145130482));
#1703=DIRECTION('center_axis',(-0.951759096626314,-0.234176037087969,-0.198283145130483));
#1704=DIRECTION('ref_axis',(-0.203954254112002,1.11022302462516E-15,0.978980419737605));
#1705=DIRECTION('',(-0.951759096626315,-0.234176037087967,-0.198283145130482));
#1706=DIRECTION('center_axis',(0.328011688970412,-2.04904142165546E-15,
-0.944673664234786));
#1707=DIRECTION('ref_axis',(0.944673664234786,-4.89439277968888E-15,0.328011688970412));
#1708=DIRECTION('center_axis',(-0.203954254112001,1.07041862382186E-15,
0.978980419737605));
#1709=DIRECTION('ref_axis',(0.978980419737605,-4.83664538179201E-15,0.203954254112001));
#1710=DIRECTION('center_axis',(-0.203954254112001,1.07041862382186E-15,
0.978980419737605));
#1711=DIRECTION('ref_axis',(0.978980419737605,0.,0.203954254112001));
#1712=DIRECTION('',(-5.24832702550074E-15,-1.,0.));
#1713=DIRECTION('center_axis',(0.,0.,1.));
#1714=DIRECTION('ref_axis',(0.592945491607702,-0.805242599458139,0.));
#1715=DIRECTION('',(0.,0.,1.));
#1716=DIRECTION('center_axis',(-0.238919842564297,0.971039293143718,0.));
#1717=DIRECTION('ref_axis',(0.971039293143718,0.238919842564297,0.));
#1718=DIRECTION('',(0.,0.,-1.));
#1719=DIRECTION('center_axis',(-1.,5.24832702550074E-15,0.));
#1720=DIRECTION('ref_axis',(5.24832702550074E-15,1.,0.));
#1721=DIRECTION('center_axis',(1.,-5.24832702550074E-15,0.));
#1722=DIRECTION('ref_axis',(-5.2360461426859E-15,-1.,2.49073487566651E-15));
#1723=DIRECTION('',(0.,0.,1.));
#1724=DIRECTION('',(-3.76693719180944E-15,-0.717740562565275,-0.69631062382279));
#1725=DIRECTION('',(0.,-1.,0.));
#1726=DIRECTION('',(0.,0.,1.));
#1727=DIRECTION('',(0.,0.,-1.));
#1728=DIRECTION('',(0.,-1.,0.));
#1729=DIRECTION('',(-3.76693719180943E-15,-0.717740562565274,0.69631062382279));
#1730=DIRECTION('',(0.,0.,1.));
#1731=DIRECTION('center_axis',(1.,-5.24832702550074E-15,0.));
#1732=DIRECTION('ref_axis',(5.23604614268591E-15,1.,1.68292897004494E-15));
#1733=DIRECTION('center_axis',(0.947797105704119,0.23694927642603,-0.213390924877501));
#1734=DIRECTION('ref_axis',(-0.242535625036333,0.970142500145332,0.));
#1735=DIRECTION('center_axis',(0.,0.,1.));
#1736=DIRECTION('ref_axis',(-1.,0.,0.));
#1737=DIRECTION('center_axis',(0.,0.,-1.));
#1738=DIRECTION('ref_axis',(1.,0.,0.));
#1739=DIRECTION('center_axis',(0.242535625036333,-0.970142500145332,0.));
#1740=DIRECTION('ref_axis',(-0.970142500145332,-0.242535625036333,0.));
#1741=DIRECTION('',(0.970142500145332,0.242535625036333,0.));
#1742=DIRECTION('',(0.,0.,-1.));
#1743=DIRECTION('',(0.,0.,1.));
#1744=DIRECTION('',(0.,0.,-1.));
#1745=DIRECTION('center_axis',(0.94779710570412,-0.236949276426031,-0.213390924877499));
#1746=DIRECTION('ref_axis',(0.229465488274943,0.0421376482491314,0.972404241193329));
#1747=DIRECTION('center_axis',(0.947893494100777,-0.236973373525195,0.212935539733294));
#1748=DIRECTION('ref_axis',(-0.231051749134631,-0.0511674756744845,0.971595069282944));
#1749=DIRECTION('center_axis',(0.,0.,-1.));
#1750=DIRECTION('ref_axis',(1.,0.,0.));
#1751=DIRECTION('center_axis',(0.,0.,1.));
#1752=DIRECTION('ref_axis',(-1.,0.,0.));
#1753=DIRECTION('center_axis',(0.,0.,-1.));
#1754=DIRECTION('ref_axis',(1.,0.,0.));
#1755=DIRECTION('',(0.,0.,1.));
#1756=DIRECTION('center_axis',(0.,0.,1.));
#1757=DIRECTION('ref_axis',(-1.,0.,0.));
#1758=DIRECTION('center_axis',(0.,0.,-1.));
#1759=DIRECTION('ref_axis',(1.,0.,0.));
#1760=DIRECTION('center_axis',(0.242535625036333,0.970142500145332,0.));
#1761=DIRECTION('ref_axis',(0.970142500145332,-0.242535625036333,0.));
#1762=DIRECTION('',(0.,0.,-1.));
#1763=DIRECTION('',(0.,0.,1.));
#1764=DIRECTION('',(-0.970142500145332,0.242535625036333,0.));
#1765=DIRECTION('center_axis',(0.,0.,1.));
#1766=DIRECTION('ref_axis',(0.,1.,0.));
#1767=DIRECTION('',(-1.,0.,0.));
#1768=DIRECTION('center_axis',(0.,0.,-1.));
#1769=DIRECTION('ref_axis',(1.,0.,0.));
#1770=DIRECTION('center_axis',(0.,0.,-1.));
#1771=DIRECTION('ref_axis',(1.,0.,0.));
#1772=DIRECTION('',(-1.,0.,0.));
#1773=DIRECTION('center_axis',(0.970142500145332,0.242535625036333,0.));
#1774=DIRECTION('ref_axis',(0.171498585142505,-0.685994340570034,-0.70710678118655));
#1775=DIRECTION('center_axis',(-1.,0.,0.));
#1776=DIRECTION('ref_axis',(0.,-1.,2.49073487566651E-15));
#1777=DIRECTION('',(-0.970142500145332,-0.242535625036333,0.));
#1778=DIRECTION('center_axis',(0.242535625036333,-0.970142500145332,0.));
#1779=DIRECTION('ref_axis',(0.970142500145332,0.242535625036333,0.));
#1780=DIRECTION('',(0.,0.,1.));
#1781=DIRECTION('',(0.970142500145332,0.242535625036333,0.));
#1782=DIRECTION('center_axis',(1.,0.,0.));
#1783=DIRECTION('ref_axis',(0.,1.,0.));
#1784=DIRECTION('',(0.,1.,0.));
#1785=DIRECTION('',(0.,0.717740562565275,0.69631062382279));
#1786=DIRECTION('center_axis',(0.970142500145332,-0.242535625036333,0.));
#1787=DIRECTION('ref_axis',(0.171498585142506,0.685994340570036,-0.707106781186547));
#1788=DIRECTION('center_axis',(-1.,0.,0.));
#1789=DIRECTION('ref_axis',(0.,1.,1.68292897004494E-15));
#1790=DIRECTION('',(0.970142500145332,-0.242535625036333,0.));
#1791=DIRECTION('center_axis',(1.,0.,0.));
#1792=DIRECTION('ref_axis',(0.,1.,0.));
#1793=DIRECTION('',(0.,0.,1.));
#1794=DIRECTION('',(0.,0.717740562565275,-0.69631062382279));
#1795=DIRECTION('',(0.,1.,0.));
#1796=DIRECTION('center_axis',(0.242535625036333,0.970142500145332,0.));
#1797=DIRECTION('ref_axis',(-0.970142500145332,0.242535625036333,0.));
#1798=DIRECTION('',(-0.970142500145332,0.242535625036333,0.));
#1799=DIRECTION('center_axis',(0.171498585142508,-0.685994340570034,0.707106781186549));
#1800=DIRECTION('ref_axis',(0.97182531580755,0.,-0.235702260395515));
#1801=DIRECTION('',(-0.970142500145332,-0.242535625036333,0.));
#1802=DIRECTION('center_axis',(0.,0.,1.));
#1803=DIRECTION('ref_axis',(1.,0.,0.));
#1804=DIRECTION('center_axis',(0.171498585142508,0.685994340570034,0.707106781186549));
#1805=DIRECTION('ref_axis',(0.97182531580755,0.,-0.235702260395515));
#1806=DIRECTION('',(0.970142500145332,-0.242535625036333,0.));
#1807=DIRECTION('center_axis',(0.,0.,1.));
#1808=DIRECTION('ref_axis',(1.,0.,0.));
#1809=DIRECTION('center_axis',(0.,0.,-1.));
#1810=DIRECTION('ref_axis',(1.,0.,0.));
#1811=DIRECTION('center_axis',(-1.,0.,0.));
#1812=DIRECTION('ref_axis',(0.,-1.,0.));
#1813=DIRECTION('',(0.,-1.,0.));
#1814=DIRECTION('',(0.,0.,1.));
#1815=DIRECTION('',(0.,-1.,0.));
#1816=DIRECTION('',(0.,0.,1.));
#1817=DIRECTION('',(-1.5305148536425E-17,1.21504527713565E-16,1.));
#1818=DIRECTION('',(0.,0.,1.));
#1819=DIRECTION('center_axis',(1.,0.,0.));
#1820=DIRECTION('ref_axis',(0.,1.,0.));
#1821=DIRECTION('',(0.,0.,-1.));
#1822=DIRECTION('',(-1.5305148536425E-17,-1.21504527713565E-16,-1.));
#1823=DIRECTION('',(0.,0.,-1.));
#1824=DIRECTION('',(0.,1.,0.));
#1825=DIRECTION('',(0.,0.,1.));
#1826=DIRECTION('',(0.,1.,0.));
#1827=DIRECTION('center_axis',(1.,0.,0.));
#1828=DIRECTION('ref_axis',(0.,1.,0.));
#1829=DIRECTION('',(0.,0.,1.));
#1830=DIRECTION('',(0.,1.,0.));
#1831=DIRECTION('',(0.,0.,1.));
#1832=DIRECTION('',(0.,1.,0.));
#1833=DIRECTION('',(0.,0.,1.));
#1834=DIRECTION('',(0.,1.,0.));
#1835=DIRECTION('',(1.5305148536425E-17,-1.21504527713565E-16,1.));
#1836=DIRECTION('',(0.,0.,1.));
#1837=DIRECTION('',(1.5305148536425E-17,-1.21504527713565E-16,1.));
#1838=DIRECTION('center_axis',(0.,0.,-1.));
#1839=DIRECTION('ref_axis',(1.,0.,0.));
#1840=DIRECTION('center_axis',(0.,0.,-1.));
#1841=DIRECTION('ref_axis',(1.,0.,0.));
#1842=DIRECTION('center_axis',(0.,0.,1.));
#1843=DIRECTION('ref_axis',(1.,0.,0.));
#1844=DIRECTION('center_axis',(-1.,0.,0.));
#1845=DIRECTION('ref_axis',(0.,-1.,0.));
#1846=DIRECTION('',(0.,0.,-1.));
#1847=DIRECTION('',(1.5305148536425E-17,1.21504527713565E-16,-1.));
#1848=DIRECTION('',(0.,0.,-1.));
#1849=DIRECTION('',(1.5305148536425E-17,1.21504527713565E-16,-1.));
#1850=DIRECTION('',(0.,-1.,0.));
#1851=DIRECTION('',(0.,0.,-1.));
#1852=DIRECTION('',(0.,-1.,0.));
#1853=DIRECTION('',(0.,0.,1.));
#1854=DIRECTION('',(0.,-1.,0.));
#1855=DIRECTION('center_axis',(0.,0.,1.));
#1856=DIRECTION('ref_axis',(1.,0.,0.));
#1857=DIRECTION('center_axis',(0.,0.,1.));
#1858=DIRECTION('ref_axis',(1.,0.,0.));
#1859=DIRECTION('center_axis',(0.,0.,1.));
#1860=DIRECTION('ref_axis',(1.,0.,0.));
#1861=DIRECTION('center_axis',(0.,0.,1.));
#1862=DIRECTION('ref_axis',(1.,0.,0.));
#1863=DIRECTION('center_axis',(0.,0.,1.));
#1864=DIRECTION('ref_axis',(1.,0.,0.));
#1865=DIRECTION('center_axis',(0.,0.,-1.));
#1866=DIRECTION('ref_axis',(1.,0.,0.));
#1867=DIRECTION('center_axis',(0.,0.,-1.));
#1868=DIRECTION('ref_axis',(1.,0.,0.));
#1869=DIRECTION('center_axis',(0.,0.,-1.));
#1870=DIRECTION('ref_axis',(1.,-3.67394039744206E-16,0.));
#1871=DIRECTION('center_axis',(0.,0.,-1.));
#1872=DIRECTION('ref_axis',(1.,-3.67394039744206E-16,0.));
#1873=DIRECTION('center_axis',(0.,0.,1.));
#1874=DIRECTION('ref_axis',(1.,0.,0.));
#1875=DIRECTION('center_axis',(0.,0.,1.));
#1876=DIRECTION('ref_axis',(1.,0.,0.));
#1877=DIRECTION('center_axis',(0.,0.,-1.));
#1878=DIRECTION('ref_axis',(1.,0.,0.));
#1879=DIRECTION('center_axis',(0.,0.,1.));
#1880=DIRECTION('ref_axis',(1.,0.,0.));
#1881=DIRECTION('center_axis',(0.,0.,1.));
#1882=DIRECTION('ref_axis',(1.,-3.67394039744206E-16,0.));
#1883=DIRECTION('',(-1.,0.,0.));
#1884=DIRECTION('',(1.,0.,0.));
#1885=DIRECTION('center_axis',(0.,0.,1.));
#1886=DIRECTION('ref_axis',(1.,0.,0.));
#1887=DIRECTION('center_axis',(0.,0.,-1.));
#1888=DIRECTION('ref_axis',(1.,0.,0.));
#1889=DIRECTION('',(-1.62891840756648E-8,-3.47693847787174E-8,0.999999999999999));
#1890=DIRECTION('center_axis',(0.,0.,-1.));
#1891=DIRECTION('ref_axis',(1.,0.,0.));
#1892=DIRECTION('center_axis',(0.,0.,-1.));
#1893=DIRECTION('ref_axis',(1.,0.,0.));
#1894=DIRECTION('center_axis',(0.,0.,-1.));
#1895=DIRECTION('ref_axis',(1.,-3.67394039744206E-16,0.));
#1896=DIRECTION('center_axis',(0.,0.,-1.));
#1897=DIRECTION('ref_axis',(1.,-3.67394039744206E-16,0.));
#1898=DIRECTION('',(1.11868215115337E-16,-4.98307161651048E-17,-1.));
#1899=DIRECTION('',(1.54877190522121E-8,3.47693850407406E-8,-0.999999999999999));
#1900=DIRECTION('center_axis',(0.,0.,-1.));
#1901=DIRECTION('ref_axis',(1.,0.,0.));
#1902=DIRECTION('center_axis',(0.,0.,1.));
#1903=DIRECTION('ref_axis',(1.,0.,0.));
#1904=DIRECTION('',(0.,0.,1.));
#1905=DIRECTION('',(0.,0.,1.));
#1906=DIRECTION('center_axis',(0.,0.,1.));
#1907=DIRECTION('ref_axis',(1.,0.,0.));
#1908=DIRECTION('',(0.,0.,1.));
#1909=DIRECTION('center_axis',(-1.,0.,0.));
#1910=DIRECTION('ref_axis',(0.,0.,1.));
#1911=DIRECTION('',(-1.,0.,0.));
#1912=DIRECTION('center_axis',(-1.,0.,0.));
#1913=DIRECTION('ref_axis',(0.,1.,0.));
#1914=DIRECTION('',(-1.,0.,0.));
#1915=DIRECTION('center_axis',(0.,1.,0.));
#1916=DIRECTION('ref_axis',(0.,0.,-1.));
#1917=DIRECTION('',(-1.,0.,0.));
#1918=DIRECTION('center_axis',(0.,0.999999999999999,3.4769385410815E-8));
#1919=DIRECTION('ref_axis',(0.,3.4769385410815E-8,-0.999999999999999));
#1920=DIRECTION('',(1.54877190522121E-8,3.47693850407406E-8,-0.999999999999999));
#1921=DIRECTION('center_axis',(0.,-1.,0.));
#1922=DIRECTION('ref_axis',(0.,0.,1.));
#1923=DIRECTION('',(-1.11868215115337E-16,-4.98307161651048E-17,1.));
#1924=DIRECTION('',(0.,0.,-1.));
#1925=DIRECTION('',(-1.11868215115337E-16,-4.98307161651048E-17,1.));
#1926=DIRECTION('center_axis',(0.,0.,-1.));
#1927=DIRECTION('ref_axis',(1.,0.,0.));
#1928=DIRECTION('center_axis',(0.,0.,-1.));
#1929=DIRECTION('ref_axis',(1.,-3.67394039744206E-16,0.));
#1930=DIRECTION('center_axis',(0.,0.,-1.));
#1931=DIRECTION('ref_axis',(1.,-3.67394039744206E-16,0.));
#1932=DIRECTION('center_axis',(0.,0.,-1.));
#1933=DIRECTION('ref_axis',(1.,-3.67394039744206E-16,0.));
#1934=DIRECTION('center_axis',(0.,0.,-1.));
#1935=DIRECTION('ref_axis',(1.,-3.67394039744206E-16,0.));
#1936=DIRECTION('center_axis',(0.,0.,1.));
#1937=DIRECTION('ref_axis',(1.,0.,0.));
#1938=DIRECTION('center_axis',(0.,0.,1.));
#1939=DIRECTION('ref_axis',(1.,0.,0.));
#1940=DIRECTION('center_axis',(0.,0.,-1.));
#1941=DIRECTION('ref_axis',(-1.,0.,0.));
#1942=DIRECTION('center_axis',(1.22464679914735E-16,-1.,0.));
#1943=DIRECTION('ref_axis',(-1.,-1.22464679914735E-16,0.));
#1944=DIRECTION('center_axis',(0.,0.,1.));
#1945=DIRECTION('ref_axis',(-1.,0.,0.));
#1946=DIRECTION('center_axis',(0.,0.,1.));
#1947=DIRECTION('ref_axis',(-1.,1.22464679914735E-16,0.));
#1948=DIRECTION('center_axis',(0.,0.,1.));
#1949=DIRECTION('ref_axis',(1.,0.,0.));
#1950=DIRECTION('center_axis',(1.22464679914735E-16,-1.,0.));
#1951=DIRECTION('ref_axis',(-1.,-1.22464679914735E-16,0.));
#1952=DIRECTION('center_axis',(0.,0.,-1.));
#1953=DIRECTION('ref_axis',(-1.,1.22464679914735E-16,0.));
#1954=DIRECTION('center_axis',(0.,0.,1.));
#1955=DIRECTION('ref_axis',(1.,0.,0.));
#1956=DIRECTION('center_axis',(0.,0.,1.));
#1957=DIRECTION('ref_axis',(1.,0.,0.));
#1958=DIRECTION('',(0.,0.,-1.));
#1959=DIRECTION('center_axis',(0.,0.,-1.));
#1960=DIRECTION('ref_axis',(-1.,0.,0.));
#1961=DIRECTION('center_axis',(0.,0.,1.));
#1962=DIRECTION('ref_axis',(1.,0.,0.));
#1963=DIRECTION('center_axis',(-1.22464679914735E-16,-1.,0.));
#1964=DIRECTION('ref_axis',(1.,-1.22464679914735E-16,0.));
#1965=DIRECTION('center_axis',(0.,0.,-1.));
#1966=DIRECTION('ref_axis',(1.,0.,0.));
#1967=DIRECTION('center_axis',(0.,0.,1.));
#1968=DIRECTION('ref_axis',(1.,0.,0.));
#1969=DIRECTION('center_axis',(0.,0.,1.));
#1970=DIRECTION('ref_axis',(1.,0.,0.));
#1971=DIRECTION('center_axis',(0.,0.,-1.));
#1972=DIRECTION('ref_axis',(1.,0.,0.));
#1973=DIRECTION('',(0.,0.,-1.));
#1974=DIRECTION('center_axis',(0.,0.,1.));
#1975=DIRECTION('ref_axis',(1.,0.,0.));
#1976=DIRECTION('center_axis',(0.,0.,-1.));
#1977=DIRECTION('ref_axis',(1.,0.,0.));
#1978=DIRECTION('center_axis',(0.,0.,-1.));
#1979=DIRECTION('ref_axis',(1.,0.,0.));
#1980=DIRECTION('center_axis',(0.,0.,1.));
#1981=DIRECTION('ref_axis',(1.,0.,0.));
#1982=DIRECTION('',(0.,0.,1.));
#1983=DIRECTION('center_axis',(0.,0.,-1.));
#1984=DIRECTION('ref_axis',(1.,0.,0.));
#1985=DIRECTION('center_axis',(0.,0.,1.));
#1986=DIRECTION('ref_axis',(1.,0.,0.));
#1987=CARTESIAN_POINT('',(0.,0.,0.));
#1988=CARTESIAN_POINT('Origin',(0.,0.,-6.));
#1989=CARTESIAN_POINT('',(-7.92128936851585,4.7765756290713,-6.));
#1990=CARTESIAN_POINT('',(-8.84744301578008,4.09459652109701,-5.5));
#1991=CARTESIAN_POINT('Ctrl Pts',(-8.84744301724979,4.09459652073539,-5.50000100332605));
#1992=CARTESIAN_POINT('Ctrl Pts',(-8.78238216565512,4.11060445003573,-5.50010581911958));
#1993=CARTESIAN_POINT('Ctrl Pts',(-8.71479200924874,4.13185398789147,-5.50841502878985));
#1994=CARTESIAN_POINT('Ctrl Pts',(-8.53551634270462,4.20400062973237,-5.5510735545365));
#1995=CARTESIAN_POINT('Ctrl Pts',(-8.42558717416172,4.26350153576039,-5.59711208165473));
#1996=CARTESIAN_POINT('Ctrl Pts',(-8.16328822276525,4.45515765382627,-5.75111854551577));
#1997=CARTESIAN_POINT('Ctrl Pts',(-8.02744852313401,4.60158807277461,-5.87261293395317));
#1998=CARTESIAN_POINT('Ctrl Pts',(-7.9226893541884,4.77425749714183,-5.99831447935335));
#1999=CARTESIAN_POINT('Ctrl Pts',(-7.92198857594425,4.77541609035588,-5.99915724013231));
#2000=CARTESIAN_POINT('Ctrl Pts',(-7.92128936851584,4.77657562907129,-6.));
#2001=CARTESIAN_POINT('',(-8.56227189477185,3.5,-6.));
#2002=CARTESIAN_POINT('Origin',(0.,0.,-6.));
#2003=CARTESIAN_POINT('',(-9.15582905287287,3.35161071047474,-5.5));
#2004=CARTESIAN_POINT('Ctrl Pts',(-8.56227189477185,3.5,-6.));
#2005=CARTESIAN_POINT('Ctrl Pts',(-8.56227189477185,3.5,-5.94232708033791));
#2006=CARTESIAN_POINT('Ctrl Pts',(-8.57754360253893,3.49618207305823,-5.87493363162419));
#2007=CARTESIAN_POINT('Ctrl Pts',(-8.62794035022072,3.48358288613778,-5.76427018650293));
#2008=CARTESIAN_POINT('Ctrl Pts',(-8.67436786799493,3.47197600669423,-5.70332117167074));
#2009=CARTESIAN_POINT('Ctrl Pts',(-8.77464933704566,3.44690563943155,-5.61244420149358));
#2010=CARTESIAN_POINT('Ctrl Pts',(-8.84846128787276,3.42845265172477,-5.56888502606083));
#2011=CARTESIAN_POINT('Ctrl Pts',(-8.98743187384577,3.39371000523152,-5.51629622036693));
#2012=CARTESIAN_POINT('Ctrl Pts',(-9.07866685469343,3.37090126001961,-5.5));
#2013=CARTESIAN_POINT('Ctrl Pts',(-9.15582905287287,3.35161071047475,-5.5));
#2014=CARTESIAN_POINT('',(-8.84868853884108,4.09429006576019,-5.5));
#2015=CARTESIAN_POINT('Origin',(0.,0.,-5.5));
#2016=CARTESIAN_POINT('Ctrl Pts',(-8.84868853884108,4.09429006576019,-5.5));
#2017=CARTESIAN_POINT('Ctrl Pts',(-8.84827374263169,4.09439212449843,-5.5));
#2018=CARTESIAN_POINT('Ctrl Pts',(-8.84785856742906,4.09449427648625,-5.5000003338573));
#2019=CARTESIAN_POINT('Ctrl Pts',(-8.84744301767833,4.09459652062995,-5.50000100332536));
#2020=CARTESIAN_POINT('Origin',(-11.2640551286747,1.11022302462516E-15,
-5.5));
#2021=CARTESIAN_POINT('',(-13.3122718947719,2.31249999999999,-5.5));
#2022=CARTESIAN_POINT('',(-13.5622718947719,2.25,-5.5));
#2023=CARTESIAN_POINT('',(-13.3122718947719,2.0076941016011,-5.5));
#2024=CARTESIAN_POINT('',(-13.3122718947719,-2.75,-5.5));
#2025=CARTESIAN_POINT('',(-14.3122718947719,1.75769410160111,-5.5));
#2026=CARTESIAN_POINT('',(-13.1149214405146,2.05703171516542,-5.5));
#2027=CARTESIAN_POINT('',(-14.3122718947719,2.75,-5.5));
#2028=CARTESIAN_POINT('',(-14.3122718947719,2.75,-5.5));
#2029=CARTESIAN_POINT('',(-14.3122718947719,2.75,-5.5));
#2030=CARTESIAN_POINT('Origin',(0.,0.,-6.));
#2031=CARTESIAN_POINT('',(-9.15582905287287,-3.35161071047476,-5.5));
#2032=CARTESIAN_POINT('',(-8.56227189477185,-3.5,-6.));
#2033=CARTESIAN_POINT('Ctrl Pts',(-9.15582905287287,-3.35161071047475,-5.5));
#2034=CARTESIAN_POINT('Ctrl Pts',(-9.07866685469343,-3.37090126001961,-5.5));
#2035=CARTESIAN_POINT('Ctrl Pts',(-8.98743187384578,-3.39371000523152,-5.51629622036693));
#2036=CARTESIAN_POINT('Ctrl Pts',(-8.84846128787276,-3.42845265172477,-5.56888502606083));
#2037=CARTESIAN_POINT('Ctrl Pts',(-8.77464933704566,-3.44690563943155,-5.61244420149358));
#2038=CARTESIAN_POINT('Ctrl Pts',(-8.67436786799493,-3.47197600669423,-5.70332117167074));
#2039=CARTESIAN_POINT('Ctrl Pts',(-8.62794035022072,-3.48358288613778,-5.76427018650293));
#2040=CARTESIAN_POINT('Ctrl Pts',(-8.57754360253893,-3.49618207305823,-5.87493363162419));
#2041=CARTESIAN_POINT('Ctrl Pts',(-8.56227189477185,-3.5,-5.94232708033791));
#2042=CARTESIAN_POINT('Ctrl Pts',(-8.56227189477185,-3.5,-6.));
#2043=CARTESIAN_POINT('',(-7.92128936851585,-4.77657562907129,-6.));
#2044=CARTESIAN_POINT('Origin',(0.,0.,-6.));
#2045=CARTESIAN_POINT('',(-8.84744301578008,-4.094596521097,-5.5));
#2046=CARTESIAN_POINT('Ctrl Pts',(-7.92128936851585,-4.77657562907129,-6.));
#2047=CARTESIAN_POINT('Ctrl Pts',(-7.92198857594424,-4.77541609035589,-5.99915724013231));
#2048=CARTESIAN_POINT('Ctrl Pts',(-7.92268935418866,-4.77425749714139,-5.99831447935296));
#2049=CARTESIAN_POINT('Ctrl Pts',(-8.02744852312931,-4.60158807278249,-5.87261293396161));
#2050=CARTESIAN_POINT('Ctrl Pts',(-8.16328822275671,-4.4551576538325,-5.75111854552078));
#2051=CARTESIAN_POINT('Ctrl Pts',(-8.42558717416169,-4.2635015357604,-5.59711208165475));
#2052=CARTESIAN_POINT('Ctrl Pts',(-8.53551634270459,-4.20400062973238,-5.55107355453651));
#2053=CARTESIAN_POINT('Ctrl Pts',(-8.71479200924867,-4.1318539878915,-5.50841502878986));
#2054=CARTESIAN_POINT('Ctrl Pts',(-8.78238216565506,-4.11060445003574,-5.50010581911958));
#2055=CARTESIAN_POINT('Ctrl Pts',(-8.8474430172498,-4.09459652073539,-5.50000100332605));
#2056=CARTESIAN_POINT('',(-8.84868853884107,-4.09429006576019,-5.5));
#2057=CARTESIAN_POINT('Ctrl Pts',(-8.84744301767834,-4.09459652062995,-5.50000100332536));
#2058=CARTESIAN_POINT('Ctrl Pts',(-8.84785856742906,-4.09449427648625,-5.5000003338573));
#2059=CARTESIAN_POINT('Ctrl Pts',(-8.84827374263169,-4.09439212449843,-5.5));
#2060=CARTESIAN_POINT('Ctrl Pts',(-8.84868853884107,-4.09429006576019,-5.5));
#2061=CARTESIAN_POINT('Origin',(0.,0.,-5.5));
#2062=CARTESIAN_POINT('Origin',(-11.2640551286747,1.11022302462516E-15,
-5.5));
#2063=CARTESIAN_POINT('',(-14.3122718947719,-2.75,-5.5));
#2064=CARTESIAN_POINT('',(-14.3122718947719,-2.75,-5.5));
#2065=CARTESIAN_POINT('',(-14.3122718947719,-1.7576941016011,-5.5));
#2066=CARTESIAN_POINT('',(-14.3122718947719,2.75,-5.5));
#2067=CARTESIAN_POINT('',(-13.3122718947719,-2.0076941016011,-5.5));
#2068=CARTESIAN_POINT('',(-12.6149214405146,-2.18203171516542,-5.5));
#2069=CARTESIAN_POINT('',(-13.3122718947719,-2.31249999999999,-5.5));
#2070=CARTESIAN_POINT('',(-13.3122718947719,-2.75,-5.5));
#2071=CARTESIAN_POINT('',(-13.1204640048438,-2.36045197248202,-5.5));
#2072=CARTESIAN_POINT('Origin',(-9.86221841919082,-2.81509116184567,-1.84437641526488));
#2073=CARTESIAN_POINT('',(-14.3122718947719,-1.77035758137292,-1.75));
#2074=CARTESIAN_POINT('',(-14.3122718947719,-2.75,-2.72169592214338));
#2075=CARTESIAN_POINT('Origin',(-14.3122718947719,-1.72017555616877,-2.77147088934427));
#2076=CARTESIAN_POINT('',(-8.84744301578008,-4.094596521097,-1.58318990568675));
#2077=CARTESIAN_POINT('',(-10.1011382617551,-3.78613045498939,-1.84437641526488));
#2078=CARTESIAN_POINT('',(-8.81247742732779,-3.12355722795328,-0.604209485949147));
#2079=CARTESIAN_POINT('Origin',(-8.60852317321579,-3.12355722795329,-1.58318990568675));
#2080=CARTESIAN_POINT('',(-10.0661726733028,-2.81509116184567,-0.865395995527279));
#2081=CARTESIAN_POINT('Ctrl Pts',(-8.84744301578008,-4.094596521097,-1.58318990568675));
#2082=CARTESIAN_POINT('Ctrl Pts',(-8.57574136639622,-4.16144748763729,-1.48884905520624));
#2083=CARTESIAN_POINT('Ctrl Pts',(-7.98557330164832,-4.49898150983388,-1.28392958827989));
#2084=CARTESIAN_POINT('Ctrl Pts',(-7.71512031212632,-5.14251152607453,-1.19002230025142));
#2085=CARTESIAN_POINT('Ctrl Pts',(-7.7062471018934,-5.51547932381256,-1.1869413244761));
#2086=CARTESIAN_POINT('Ctrl Pts',(-8.90326326035036,-4.08086220144713,-1.29903224792774));
#2087=CARTESIAN_POINT('Ctrl Pts',(-8.62558580721794,-4.13782454758603,-1.21121389666903));
#2088=CARTESIAN_POINT('Ctrl Pts',(-8.00760919062982,-4.46265936656173,-1.01875582604376));
#2089=CARTESIAN_POINT('Ctrl Pts',(-7.71578898487058,-5.12818947841402,-0.929767179266799));
#2090=CARTESIAN_POINT('Ctrl Pts',(-7.70627775300272,-5.5141909652095,-0.926856922824853));
#2091=CARTESIAN_POINT('Ctrl Pts',(-8.94398086455673,-3.82910311660948,-0.806255643440634));
#2092=CARTESIAN_POINT('Ctrl Pts',(-8.61514969973176,-3.89235023618471,-0.728881822919395));
#2093=CARTESIAN_POINT('Ctrl Pts',(-7.88041421401339,-4.26662628762974,-0.557577883073873));
#2094=CARTESIAN_POINT('Ctrl Pts',(-7.53097212839629,-5.05105370325622,-0.477005386738307));
#2095=CARTESIAN_POINT('Ctrl Pts',(-7.51959030594371,-5.50750681862259,-0.47437339830119));
#2096=CARTESIAN_POINT('Ctrl Pts',(-8.86232532575797,-3.3349467350123,-0.614594464788767));
#2097=CARTESIAN_POINT('Ctrl Pts',(-8.44608206348464,-3.4319653762644,-0.52796277319455));
#2098=CARTESIAN_POINT('Ctrl Pts',(-7.53600332943207,-3.93813299169737,-0.338301874187181));
#2099=CARTESIAN_POINT('Ctrl Pts',(-7.1151766103,-4.92430385746801,-0.250603312208671));
#2100=CARTESIAN_POINT('Ctrl Pts',(-7.10139337009328,-5.49643424796808,-0.247733640691957));
#2101=CARTESIAN_POINT('Ctrl Pts',(-8.81247742732779,-3.12355722795329,-0.604209485949147));
#2102=CARTESIAN_POINT('Ctrl Pts',(-8.35964134502135,-3.23497550552043,-0.509868635468639));
#2103=CARTESIAN_POINT('Ctrl Pts',(-7.37602790377485,-3.7975322091814,-0.304949168542285));
#2104=CARTESIAN_POINT('Ctrl Pts',(-6.92527292123819,-4.87008223624916,-0.211041880513814));
#2105=CARTESIAN_POINT('Ctrl Pts',(-6.91048423751666,-5.4916952324792,-0.207960904738493));
#2106=CARTESIAN_POINT('',(-7.92128936851585,-4.77657562907129,-1.26160877816445));
#2107=CARTESIAN_POINT('',(-7.43311028165322,-5.50557640404537,-0.5));
#2108=CARTESIAN_POINT('Ctrl Pts',(-7.92128936851585,-4.7765756290713,-1.26160877816445));
#2109=CARTESIAN_POINT('Ctrl Pts',(-7.92043895445158,-4.77798592305787,-1.25984999804033));
#2110=CARTESIAN_POINT('Ctrl Pts',(-7.91958791492568,-4.77939640259173,-1.25809166810606));
#2111=CARTESIAN_POINT('Ctrl Pts',(-7.83198624933196,-4.92449627240468,-1.07727996543984));
#2112=CARTESIAN_POINT('Ctrl Pts',(-7.73779705252923,-5.07198746296001,-0.901062152357617));
#2113=CARTESIAN_POINT('Ctrl Pts',(-7.56939729670607,-5.31774325216566,-0.655723937970215));
#2114=CARTESIAN_POINT('Ctrl Pts',(-7.50389044261408,-5.41001570275556,-0.572933413941079));
#2115=CARTESIAN_POINT('Ctrl Pts',(-7.43311028165322,-5.50557640404537,-0.499999999999999));
#2116=CARTESIAN_POINT('',(-8.68778901209298,-3.15767822034899,-0.578232732775228));
#2117=CARTESIAN_POINT('Ctrl Pts',(-8.68778901120188,-3.15767822145691,-0.578232732589582));
#2118=CARTESIAN_POINT('Ctrl Pts',(-8.63281162088681,-3.31425035057735,-0.566779109607275));
#2119=CARTESIAN_POINT('Ctrl Pts',(-8.56275584390598,-3.49994825679077,-0.580428038431099));
#2120=CARTESIAN_POINT('Ctrl Pts',(-8.30437109221563,-3.99925275418467,-0.703130640013795));
#2121=CARTESIAN_POINT('Ctrl Pts',(-8.1430773217571,-4.20967328555135,-0.785389876218873));
#2122=CARTESIAN_POINT('Ctrl Pts',(-7.93337823495209,-4.54060110167765,-0.812278426847816));
#2123=CARTESIAN_POINT('Ctrl Pts',(-7.89362012311683,-4.60672129118348,-0.813891823376141));
#2124=CARTESIAN_POINT('Ctrl Pts',(-7.83732115738147,-4.70764859566971,-0.809836515862527));
#2125=CARTESIAN_POINT('Ctrl Pts',(-7.81925030749211,-4.74128318519487,-0.807431896521649));
#2126=CARTESIAN_POINT('Ctrl Pts',(-7.78848094991891,-4.80075750280571,-0.801154021037449));
#2127=CARTESIAN_POINT('Ctrl Pts',(-7.77556739334358,-4.82645753640769,-0.797783825810977));
#2128=CARTESIAN_POINT('Ctrl Pts',(-7.7496664455206,-4.87940214138058,-0.789381102075588));
#2129=CARTESIAN_POINT('Ctrl Pts',(-7.73674795832522,-4.90658504734649,-0.784278669092499));
#2130=CARTESIAN_POINT('Ctrl Pts',(-7.70501543478034,-4.97490890733657,-0.769299741155042));
#2131=CARTESIAN_POINT('Ctrl Pts',(-7.68673836884541,-5.01572712555776,-0.758390399354495));
#2132=CARTESIAN_POINT('Ctrl Pts',(-7.63576324845936,-5.13086161727699,-0.721426348485588));
#2133=CARTESIAN_POINT('Ctrl Pts',(-7.60511336174391,-5.2017753207725,-0.69121199975268));
#2134=CARTESIAN_POINT('Ctrl Pts',(-7.52935030874438,-5.35816366092392,-0.607596473855706));
#2135=CARTESIAN_POINT('Ctrl Pts',(-7.48643874605174,-5.43357733838274,-0.554950807062601));
#2136=CARTESIAN_POINT('Ctrl Pts',(-7.43311028165326,-5.50557640404532,-0.50000000000004));
#2137=CARTESIAN_POINT('Origin',(-9.40977703373853,-5.55115546081258,-0.728646903951381));
#2138=CARTESIAN_POINT('Origin',(-9.20582277962653,-5.55115546081258,-1.70762732368899));
#2139=CARTESIAN_POINT('Origin',(0.,0.,-0.5));
#2140=CARTESIAN_POINT('',(-7.92128936851585,4.77657562907129,-1.26160877816446));
#2141=CARTESIAN_POINT('',(-7.92128936851585,4.7765756290713,-0.5));
#2142=CARTESIAN_POINT('',(-7.43311028165321,5.50557640404539,-0.5));
#2143=CARTESIAN_POINT('Ctrl Pts',(-7.43311028165321,5.50557640404539,-0.499999999999999));
#2144=CARTESIAN_POINT('Ctrl Pts',(-7.50389044261406,5.41001570275558,-0.572933413941079));
#2145=CARTESIAN_POINT('Ctrl Pts',(-7.56939729670606,5.31774325216567,-0.655723937970217));
#2146=CARTESIAN_POINT('Ctrl Pts',(-7.73779705254861,5.07198746293172,-0.901062152385871));
#2147=CARTESIAN_POINT('Ctrl Pts',(-7.83198624982671,4.92449627158519,-1.0772799664595));
#2148=CARTESIAN_POINT('Ctrl Pts',(-7.91958791491108,4.77939640261592,-1.25809166807599));
#2149=CARTESIAN_POINT('Ctrl Pts',(-7.920438954466,4.77798592303396,-1.25984999807016));
#2150=CARTESIAN_POINT('Ctrl Pts',(-7.92128936851585,4.7765756290713,-1.26160877816446));
#2151=CARTESIAN_POINT('Origin',(0.,0.,-0.5));
#2152=CARTESIAN_POINT('',(-7.92128936851585,-4.77657562907129,-0.5));
#2153=CARTESIAN_POINT('',(-8.56227189477185,-3.5,-7.5));
#2154=CARTESIAN_POINT('',(-8.56227189477185,-3.5,-0.5));
#2155=CARTESIAN_POINT('',(-8.56227187345284,3.50000005215406,-7.49999958955781));
#2156=CARTESIAN_POINT('Origin',(0.,0.,-7.5));
#2157=CARTESIAN_POINT('',(-8.56227188411235,3.50000002607703,-6.7499997947789));
#2158=CARTESIAN_POINT('Origin',(-9.20582277962653,-5.55115546081258,-0.5));
#2159=CARTESIAN_POINT('',(-8.84744301578008,-4.094596521097,-0.5));
#2160=CARTESIAN_POINT('Origin',(-8.21583836257749,-4.25,-3.5));
#2161=CARTESIAN_POINT('',(-14.3122718947719,-2.75,-3.5));
#2162=CARTESIAN_POINT('Origin',(-13.097049731645,2.01917549360174,-2.5182996053595));
#2163=CARTESIAN_POINT('',(-14.3122718947719,2.75,-2.72169592214338));
#2164=CARTESIAN_POINT('',(-14.3122718947719,1.77035758137292,-1.75));
#2165=CARTESIAN_POINT('Origin',(-14.3122718947719,1.72017555616877,-2.77147088934427));
#2166=CARTESIAN_POINT('',(-8.81247742732778,3.12355722795329,-0.604209485949151));
#2167=CARTESIAN_POINT('',(-13.301003985757,2.01917549360174,-1.53931918562189));
#2168=CARTESIAN_POINT('',(-8.84744301578008,4.09459652109701,-1.58318990568676));
#2169=CARTESIAN_POINT('Origin',(-8.60852317321578,3.12355722795329,-1.58318990568676));
#2170=CARTESIAN_POINT('',(-13.3359695742092,2.99021478674546,-2.5182996053595));
#2171=CARTESIAN_POINT('Ctrl Pts',(-8.81247742732778,3.12355722795329,-0.604209485949152));
#2172=CARTESIAN_POINT('Ctrl Pts',(-8.35964134502134,3.23497550552044,-0.509868635468644));
#2173=CARTESIAN_POINT('Ctrl Pts',(-7.37602790377485,3.79753220918142,-0.304949168542291));
#2174=CARTESIAN_POINT('Ctrl Pts',(-6.92527292123818,4.87008223624918,-0.211041880513821));
#2175=CARTESIAN_POINT('Ctrl Pts',(-6.91048423751665,5.49169523247923,-0.207960904738503));
#2176=CARTESIAN_POINT('Ctrl Pts',(-8.87894129190135,3.40540990403198,-0.61805612440198));
#2177=CARTESIAN_POINT('Ctrl Pts',(-8.4751066532264,3.49737313284035,-0.534195572461908));
#2178=CARTESIAN_POINT('Ctrl Pts',(-7.58936770325827,3.98487770863043,-0.349477121457907));
#2179=CARTESIAN_POINT('Ctrl Pts',(-7.17847693868662,4.94262565127462,-0.263786048703664));
#2180=CARTESIAN_POINT('Ctrl Pts',(-7.16502974761882,5.49801391979772,-0.260991219343121));
#2181=CARTESIAN_POINT('Ctrl Pts',(-8.94632451457283,3.89418928720614,-0.871874086545589));
#2182=CARTESIAN_POINT('Ctrl Pts',(-8.62965406538477,3.95343821621112,-0.793494844618865));
#2183=CARTESIAN_POINT('Ctrl Pts',(-7.91978731244807,4.31104906215463,-0.620198106736306));
#2184=CARTESIAN_POINT('Ctrl Pts',(-7.58081092686442,5.06828554312169,-0.538779563441623));
#2185=CARTESIAN_POINT('Ctrl Pts',(-7.56977959763887,5.50900689703928,-0.536118342743336));
#2186=CARTESIAN_POINT('Ctrl Pts',(-8.88930819920778,4.0842957813596,-1.3700716623675));
#2187=CARTESIAN_POINT('Ctrl Pts',(-8.61294262763333,4.14394105468641,-1.28048487662592));
#2188=CARTESIAN_POINT('Ctrl Pts',(-8.00206531761125,4.47184127902376,-1.08500993933084));
#2189=CARTESIAN_POINT('Ctrl Pts',(-7.71562274518919,5.13156277964795,-0.994833953400454));
#2190=CARTESIAN_POINT('Ctrl Pts',(-7.70627009022539,5.51451305486028,-0.991878023237675));
#2191=CARTESIAN_POINT('Ctrl Pts',(-8.84744301578008,4.09459652109701,-1.58318990568676));
#2192=CARTESIAN_POINT('Ctrl Pts',(-8.57574136639622,4.16144748763729,-1.48884905520625));
#2193=CARTESIAN_POINT('Ctrl Pts',(-7.98557330164832,4.49898150983389,-1.2839295882799));
#2194=CARTESIAN_POINT('Ctrl Pts',(-7.71512031212632,5.14251152607454,-1.19002230025143));
#2195=CARTESIAN_POINT('Ctrl Pts',(-7.7062471018934,5.51547932381257,-1.18694132447611));
#2196=CARTESIAN_POINT('Origin',(-9.20582277962652,5.55115546081259,-1.707627323689));
#2197=CARTESIAN_POINT('',(-8.68778901209298,3.157678220349,-0.578232732775234));
#2198=CARTESIAN_POINT('Origin',(-9.40977703373852,5.55115546081259,-0.728646903951393));
#2199=CARTESIAN_POINT('Ctrl Pts',(-7.43311028165321,5.50557640404539,-0.499999999999999));
#2200=CARTESIAN_POINT('Ctrl Pts',(-7.49852225511502,5.41726332348857,-0.567401917040446));
#2201=CARTESIAN_POINT('Ctrl Pts',(-7.54950418084644,5.32136497329049,-0.633506825461493));
#2202=CARTESIAN_POINT('Ctrl Pts',(-7.63402172160167,5.13603706272917,-0.719020723991477));
#2203=CARTESIAN_POINT('Ctrl Pts',(-7.66275062495308,5.06918599396566,-0.743209250978643));
#2204=CARTESIAN_POINT('Ctrl Pts',(-7.70865822043237,4.9671442198375,-0.771008674627468));
#2205=CARTESIAN_POINT('Ctrl Pts',(-7.72374224261743,4.93425317282459,-0.77862466058632));
#2206=CARTESIAN_POINT('Ctrl Pts',(-7.75152475257349,4.87558406755388,-0.790035561578201));
#2207=CARTESIAN_POINT('Ctrl Pts',(-7.76396644098842,4.8499357982021,-0.79428551440352));
#2208=CARTESIAN_POINT('Ctrl Pts',(-7.79041661141444,4.7969268797337,-0.801657565395168));
#2209=CARTESIAN_POINT('Ctrl Pts',(-7.80444372501615,4.76963204585635,-0.804672501838487));
#2210=CARTESIAN_POINT('Ctrl Pts',(-7.8407471501138,4.70115857808106,-0.810420635296332));
#2211=CARTESIAN_POINT('Ctrl Pts',(-7.86346674278176,4.66025105395005,-0.812189577327998));
#2212=CARTESIAN_POINT('Ctrl Pts',(-7.93738535152629,4.53281095490568,-0.812974367489187));
#2213=CARTESIAN_POINT('Ctrl Pts',(-7.99087018556262,4.44877733776733,-0.806583212254745));
#2214=CARTESIAN_POINT('Ctrl Pts',(-8.18186194804405,4.1605859154928,-0.764834945807933));
#2215=CARTESIAN_POINT('Ctrl Pts',(-8.30538521214091,3.98830538993145,-0.703985963749703));
#2216=CARTESIAN_POINT('Ctrl Pts',(-8.544722612994,3.54270890120999,-0.58784096655579));
#2217=CARTESIAN_POINT('Ctrl Pts',(-8.6227641227826,3.34286498945877,-0.564685880835573));
#2218=CARTESIAN_POINT('Ctrl Pts',(-8.68778901120187,3.15767822145692,-0.578232732589588));
#2219=CARTESIAN_POINT('Origin',(-11.3122718947719,-1.37500000000001,-1.125));
#2220=CARTESIAN_POINT('',(-9.21341592130771,2.36525807087741E-14,-0.687738338861634));
#2221=CARTESIAN_POINT('Ctrl Pts',(-9.21341592130771,4.84334794492725E-14,
-0.687738338861634));
#2222=CARTESIAN_POINT('Ctrl Pts',(-9.21341592130771,-0.542870105858133,
-0.687738338861633));
#2223=CARTESIAN_POINT('Ctrl Pts',(-9.16658780896694,-1.13665805636944,-0.677982482123972));
#2224=CARTESIAN_POINT('Ctrl Pts',(-8.97471862175369,-2.21853319428861,-0.638009734787877));
#2225=CARTESIAN_POINT('Ctrl Pts',(-8.845097652237,-2.70967316470703,-0.611005366138566));
#2226=CARTESIAN_POINT('Ctrl Pts',(-8.68778901164813,-3.15767822018601,-0.578232732682551));
#2227=CARTESIAN_POINT('Ctrl Pts',(-8.68778901164813,3.15767822018602,-0.578232732682557));
#2228=CARTESIAN_POINT('Ctrl Pts',(-8.84509765223699,2.70967316470707,-0.61100536613857));
#2229=CARTESIAN_POINT('Ctrl Pts',(-8.97471862175367,2.21853319428867,-0.638009734787878));
#2230=CARTESIAN_POINT('Ctrl Pts',(-9.16658780896693,1.13665805636953,-0.677982482123972));
#2231=CARTESIAN_POINT('Ctrl Pts',(-9.21341592130771,0.542870105858231,-0.687738338861634));
#2232=CARTESIAN_POINT('Ctrl Pts',(-9.21341592130771,4.84334794492725E-14,
-0.687738338861634));
#2233=CARTESIAN_POINT('',(-14.3122718947719,-1.37499999999999,-1.75));
#2234=CARTESIAN_POINT('Origin',(-9.20582277962652,5.55115546081259,-0.5));
#2235=CARTESIAN_POINT('',(-8.84744301578008,4.09459652109701,-0.5));
#2236=CARTESIAN_POINT('Origin',(-14.3122718947719,2.75,-3.5));
#2237=CARTESIAN_POINT('',(-14.3122718947719,2.75,-3.5));
#2238=CARTESIAN_POINT('Origin',(-14.3122718947719,-2.75,-3.5));
#2239=CARTESIAN_POINT('',(-14.3122718947719,1.5,-5.25));
#2240=CARTESIAN_POINT('Origin',(-14.3122718947719,1.75769410160111,-5.25));
#2241=CARTESIAN_POINT('',(-14.3122718947719,1.5,-5.045));
#2242=CARTESIAN_POINT('',(-14.3122718947719,1.5,-5.5));
#2243=CARTESIAN_POINT('',(-14.3122718947719,2.06177314149041,-4.5));
#2244=CARTESIAN_POINT('',(-14.3122718947719,0.947449439850962,-5.58105278187969));
#2245=CARTESIAN_POINT('',(-14.3122718947719,2.06249999999999,-4.5));
#2246=CARTESIAN_POINT('',(-14.3122718947719,2.75,-4.5));
#2247=CARTESIAN_POINT('',(-14.3122718947719,2.0625,-3.91212636566966));
#2248=CARTESIAN_POINT('',(-14.3122718947719,2.0625,-4.5));
#2249=CARTESIAN_POINT('',(-14.3122718947719,0.418652199467738,-2.28397465430945));
#2250=CARTESIAN_POINT('Ctrl Pts',(-14.3122718947719,0.418652199467736,-2.28397465430945));
#2251=CARTESIAN_POINT('Ctrl Pts',(-14.3122718947719,0.477701930914558,-2.28356041692027));
#2252=CARTESIAN_POINT('Ctrl Pts',(-14.3123105483793,0.536664847253668,-2.286653872782));
#2253=CARTESIAN_POINT('Ctrl Pts',(-14.3123574215986,0.59525219342947,-2.2930422226367));
#2254=CARTESIAN_POINT('Ctrl Pts',(-14.3124056159026,0.655490777609904,-2.29961062307835));
#2255=CARTESIAN_POINT('Ctrl Pts',(-14.3124627228693,0.715333150825153,-2.30966233407377));
#2256=CARTESIAN_POINT('Ctrl Pts',(-14.3125114230641,0.774479126555938,-2.32301812885635));
#2257=CARTESIAN_POINT('Ctrl Pts',(-14.3125613732423,0.835143196544105,-2.33671672558128));
#2258=CARTESIAN_POINT('Ctrl Pts',(-14.3126027456222,0.895075640870878,-2.35389128561117));
#2259=CARTESIAN_POINT('Ctrl Pts',(-14.31262941714,0.95395279214712,-2.3744011603522));
#2260=CARTESIAN_POINT('Ctrl Pts',(-14.3126383487477,0.973669240939206,-2.381269391683));
#2261=CARTESIAN_POINT('Ctrl Pts',(-14.3126457158874,0.993267283926957,-2.38851207034228));
#2262=CARTESIAN_POINT('Ctrl Pts',(-14.3126515102831,1.01273447050618,-2.39612516061555));
#2263=CARTESIAN_POINT('Ctrl Pts',(-14.3126690280417,1.07158814472706,-2.41914124118447));
#2264=CARTESIAN_POINT('Ctrl Pts',(-14.3126709067463,1.12899132786186,-2.44543944320057));
#2265=CARTESIAN_POINT('Ctrl Pts',(-14.3126534524946,1.18462337449332,-2.47485506462896));
#2266=CARTESIAN_POINT('Ctrl Pts',(-14.3126359691964,1.2403480011968,-2.50431963806461));
#2267=CARTESIAN_POINT('Ctrl Pts',(-14.3125994106461,1.29429659045109,-2.53691232151403));
#2268=CARTESIAN_POINT('Ctrl Pts',(-14.312548484005,1.34613375535347,-2.57251671751044));
#2269=CARTESIAN_POINT('Ctrl Pts',(-14.3125183165343,1.37684059411474,-2.59360773298386));
#2270=CARTESIAN_POINT('Ctrl Pts',(-14.3124832432007,1.40680620460298,-2.61575647742568));
#2271=CARTESIAN_POINT('Ctrl Pts',(-14.3124449378007,1.43595653013429,-2.63894622538074));
#2272=CARTESIAN_POINT('Ctrl Pts',(-14.3123933574799,1.47520904131831,-2.67017249213318));
#2273=CARTESIAN_POINT('Ctrl Pts',(-14.3123359747106,1.51298391762108,-2.70328589253415));
#2274=CARTESIAN_POINT('Ctrl Pts',(-14.31227809135,1.54921188868902,-2.73813327261632));
#2275=CARTESIAN_POINT('Ctrl Pts',(-14.3122054965625,1.59464743067733,-2.78183733757587));
#2276=CARTESIAN_POINT('Ctrl Pts',(-14.3121304335207,1.63747781617646,-2.82810080892443));
#2277=CARTESIAN_POINT('Ctrl Pts',(-14.3120633130457,1.67759148788318,-2.87659611946194));
#2278=CARTESIAN_POINT('Ctrl Pts',(-14.3119955184757,1.71810802361213,-2.92557847132551));
#2279=CARTESIAN_POINT('Ctrl Pts',(-14.3119361526559,1.75585349322675,-2.97683857615388));
#2280=CARTESIAN_POINT('Ctrl Pts',(-14.3118942378388,1.79067245662278,-3.03007362370651));
#2281=CARTESIAN_POINT('Ctrl Pts',(-14.3118527871685,1.82510584969024,-3.08271916908062));
#2282=CARTESIAN_POINT('Ctrl Pts',(-14.3118287107581,1.85667754739208,-3.1372970822599));
#2283=CARTESIAN_POINT('Ctrl Pts',(-14.3118243623375,1.88519172913189,-3.19353482517298));
#2284=CARTESIAN_POINT('Ctrl Pts',(-14.3118224617133,1.89765481582214,-3.21811543111798));
#2285=CARTESIAN_POINT('Ctrl Pts',(-14.3118242199943,1.90953316603301,-3.24301331650542));
#2286=CARTESIAN_POINT('Ctrl Pts',(-14.3118292146822,1.92080737880104,-3.26820628171469));
#2287=CARTESIAN_POINT('Ctrl Pts',(-14.3118403615388,1.94596851689243,-3.32443048908105));
#2288=CARTESIAN_POINT('Ctrl Pts',(-14.3118699656603,1.96804670557303,-3.38195199467991));
#2289=CARTESIAN_POINT('Ctrl Pts',(-14.3119147262393,1.98684835100877,-3.44050923037764));
#2290=CARTESIAN_POINT('Ctrl Pts',(-14.3119509383261,2.00205920916523,-3.48788305248679));
#2291=CARTESIAN_POINT('Ctrl Pts',(-14.3119969925528,2.01512478768348,-3.53593521944105));
#2292=CARTESIAN_POINT('Ctrl Pts',(-14.3120454392354,2.02591818835761,-3.58452851955427));
#2293=CARTESIAN_POINT('Ctrl Pts',(-14.3121029464026,2.03873016769828,-3.64220972457412));
#2294=CARTESIAN_POINT('Ctrl Pts',(-14.312164061621,2.04830899970044,-3.70050587739234));
#2295=CARTESIAN_POINT('Ctrl Pts',(-14.3122116478954,2.05444874698705,-3.75917949791983));
#2296=CARTESIAN_POINT('Ctrl Pts',(-14.312252827792,2.05976192103446,-3.80995408900663));
#2297=CARTESIAN_POINT('Ctrl Pts',(-14.3122838179021,2.06249911309644,-3.86101167839503));
#2298=CARTESIAN_POINT('Ctrl Pts',(-14.3122850253439,2.06249671735699,-3.91219396358899));
#2299=CARTESIAN_POINT('',(-14.3122718947719,-0.418652199467732,-2.28397465430945));
#2300=CARTESIAN_POINT('Ctrl Pts',(-14.3122718947719,-0.41865219946707,-2.28397465430945));
#2301=CARTESIAN_POINT('Ctrl Pts',(-14.3122718947719,3.3355262996082E-13,
-2.28691152446676));
#2302=CARTESIAN_POINT('Ctrl Pts',(-14.3122718947719,0.418652199467738,-2.28397465430945));
#2303=CARTESIAN_POINT('',(-14.3122718947719,-2.06249999999999,-3.91212636566965));
#2304=CARTESIAN_POINT('Ctrl Pts',(-14.3122845845808,-2.06249682754776,-3.91219406769918));
#2305=CARTESIAN_POINT('Ctrl Pts',(-14.3122832220199,-2.06249954951174,-3.85398557582487));
#2306=CARTESIAN_POINT('Ctrl Pts',(-14.3122410763812,-2.05896061706228,-3.79599536107595));
#2307=CARTESIAN_POINT('Ctrl Pts',(-14.3121893072141,-2.05213633431319,-3.73845392021986));
#2308=CARTESIAN_POINT('Ctrl Pts',(-14.3121360338897,-2.04511377146669,-3.67924060805984));
#2309=CARTESIAN_POINT('Ctrl Pts',(-14.3120723680721,-2.0346120210646,-3.62050184014033));
#2310=CARTESIAN_POINT('Ctrl Pts',(-14.3120166715655,-2.02085728163275,-3.5624783378902));
#2311=CARTESIAN_POINT('Ctrl Pts',(-14.3119591109168,-2.00664217602408,-3.50251280990926));
#2312=CARTESIAN_POINT('Ctrl Pts',(-14.3119098269187,-1.98895254624315,-3.44331038743053));
#2313=CARTESIAN_POINT('Ctrl Pts',(-14.3118760421959,-1.96798436032989,-3.38513761281746));
#2314=CARTESIAN_POINT('Ctrl Pts',(-14.3118644190467,-1.96077055676132,-3.36512410421766));
#2315=CARTESIAN_POINT('Ctrl Pts',(-14.3118545366379,-1.95316825680678,-3.34523253182914));
#2316=CARTESIAN_POINT('Ctrl Pts',(-14.3118464292913,-1.94518408842211,-3.32547405719081));
#2317=CARTESIAN_POINT('Ctrl Pts',(-14.3118224791937,-1.92159787438607,-3.26710509634328));
#2318=CARTESIAN_POINT('Ctrl Pts',(-14.3118151338715,-1.89478834314691,-3.21015792253873));
#2319=CARTESIAN_POINT('Ctrl Pts',(-14.3118285607933,-1.86498017417485,-3.15489793023199));
#2320=CARTESIAN_POINT('Ctrl Pts',(-14.3118421489288,-1.83481410602126,-3.09897444510768));
#2321=CARTESIAN_POINT('Ctrl Pts',(-14.3118766989622,-1.80157659253133,-3.04477797044133));
#2322=CARTESIAN_POINT('Ctrl Pts',(-14.311926868716,-1.76544929032846,-2.99259601322685));
#2323=CARTESIAN_POINT('Ctrl Pts',(-14.3119766498871,-1.72960180692999,-2.94081822382975));
#2324=CARTESIAN_POINT('Ctrl Pts',(-14.3120414842928,-1.69090863956628,-2.89102300493339));
#2325=CARTESIAN_POINT('Ctrl Pts',(-14.3121115151867,-1.64950378050849,-2.84351674241407));
#2326=CARTESIAN_POINT('Ctrl Pts',(-14.312136936502,-1.63447375706881,-2.82627190073498));
#2327=CARTESIAN_POINT('Ctrl Pts',(-14.3121630219227,-1.61908603232823,-2.80932898295525));
#2328=CARTESIAN_POINT('Ctrl Pts',(-14.3121892742431,-1.60334576870005,-2.79270382562712));
#2329=CARTESIAN_POINT('Ctrl Pts',(-14.3122618215749,-1.55984812323964,-2.74676080864438));
#2330=CARTESIAN_POINT('Ctrl Pts',(-14.3123373247597,-1.51382694476026,-2.70341735710832));
#2331=CARTESIAN_POINT('Ctrl Pts',(-14.3124054645569,-1.46542536124143,-2.66297453454178));
#2332=CARTESIAN_POINT('Ctrl Pts',(-14.3124191583168,-1.45569830463479,-2.65484691565336));
#2333=CARTESIAN_POINT('Ctrl Pts',(-14.3124325501413,-1.44587498440324,-2.6468365564898));
#2334=CARTESIAN_POINT('Ctrl Pts',(-14.3124455535576,-1.43595637810033,-2.63894608040027));
#2335=CARTESIAN_POINT('Ctrl Pts',(-14.3125100302606,-1.38677553079568,-2.5998216018325));
#2336=CARTESIAN_POINT('Ctrl Pts',(-14.3125646804399,-1.3352542321575,-2.56364104891206));
#2337=CARTESIAN_POINT('Ctrl Pts',(-14.3126025472801,-1.28173737853332,-2.53050179280157));
#2338=CARTESIAN_POINT('Ctrl Pts',(-14.3126404927142,-1.22810944877785,-2.4972937549875));
#2339=CARTESIAN_POINT('Ctrl Pts',(-14.312661261548,-1.17247668500993,-2.46713932690705));
#2340=CARTESIAN_POINT('Ctrl Pts',(-14.3126641272845,-1.11516624287484,-2.44018366082509));
#2341=CARTESIAN_POINT('Ctrl Pts',(-14.3126648063047,-1.10158685370199,-2.43379666630012));
#2342=CARTESIAN_POINT('Ctrl Pts',(-14.3126645201734,-1.08791322496304,-2.42758947922725));
#2343=CARTESIAN_POINT('Ctrl Pts',(-14.3126633419063,-1.07414964002382,-2.42156444958066));
#2344=CARTESIAN_POINT('Ctrl Pts',(-14.3126584543521,-1.01705709643138,-2.39657210425329));
#2345=CARTESIAN_POINT('Ctrl Pts',(-14.3126360354463,-0.958588708634407,
-2.37478538972564));
#2346=CARTESIAN_POINT('Ctrl Pts',(-14.3125987405218,-0.899066557619378,
-2.35634451046782));
#2347=CARTESIAN_POINT('Ctrl Pts',(-14.3125683630433,-0.850584548816869,
-2.34132403732869));
#2348=CARTESIAN_POINT('Ctrl Pts',(-14.3125281721487,-0.801402898580942,
-2.32852412836977));
#2349=CARTESIAN_POINT('Ctrl Pts',(-14.3124852439387,-0.751694482815549,
-2.31804553155907));
#2350=CARTESIAN_POINT('Ctrl Pts',(-14.3124344638624,-0.692894054346423,
-2.30565032698984));
#2351=CARTESIAN_POINT('Ctrl Pts',(-14.3123796283042,-0.633503732017241,
-2.29653313395345));
#2352=CARTESIAN_POINT('Ctrl Pts',(-14.3123368251605,-0.573818985572812,
-2.2908550479229));
#2353=CARTESIAN_POINT('Ctrl Pts',(-14.3122998432212,-0.522251332344633,
-2.28594917851963));
#2354=CARTESIAN_POINT('Ctrl Pts',(-14.3122718947719,-0.470463525270189,
-2.28361119476773));
#2355=CARTESIAN_POINT('Ctrl Pts',(-14.3122718947719,-0.418652199467733,
-2.28397465430945));
#2356=CARTESIAN_POINT('',(-14.3122718947719,-2.06249999999999,-4.5));
#2357=CARTESIAN_POINT('',(-14.3122718947719,-2.06249999999999,-4.5));
#2358=CARTESIAN_POINT('',(-14.3122718947719,-2.06177314149041,-4.5));
#2359=CARTESIAN_POINT('',(-14.3122718947719,2.75,-4.5));
#2360=CARTESIAN_POINT('',(-14.3122718947719,-1.5,-5.045));
#2361=CARTESIAN_POINT('',(-14.3122718947719,-2.3946558792449,-4.17705630853963));
#2362=CARTESIAN_POINT('',(-14.3122718947719,-1.5,-5.25));
#2363=CARTESIAN_POINT('',(-14.3122718947719,-1.5,-5.5));
#2364=CARTESIAN_POINT('Origin',(-14.3122718947719,-1.7576941016011,-5.25));
#2365=CARTESIAN_POINT('Ctrl Pts',(-9.80587687472269,3.18909875501229,-4.95860636178998));
#2366=CARTESIAN_POINT('Ctrl Pts',(-11.5486751642569,2.75339918262873,-4.56622561211218));
#2367=CARTESIAN_POINT('Ctrl Pts',(-13.2877402835786,2.31863290279831,-4.1563743409071));
#2368=CARTESIAN_POINT('Ctrl Pts',(-15.0258792534178,1.88409816033853,-3.74258101609945));
#2369=CARTESIAN_POINT('Ctrl Pts',(-9.70724800496916,3.21375597245067,-4.49315701253119));
#2370=CARTESIAN_POINT('Ctrl Pts',(-11.4476631894682,2.77841235466268,-4.10626867371076));
#2371=CARTESIAN_POINT('Ctrl Pts',(-13.1862696392213,2.34410278823013,-3.69914567164047));
#2372=CARTESIAN_POINT('Ctrl Pts',(-14.9239559108642,1.9095789959769,-3.2876939246564));
#2373=CARTESIAN_POINT('Ctrl Pts',(-9.43332338829553,2.84222453704284,-3.68904196324563));
#2374=CARTESIAN_POINT('Ctrl Pts',(-11.1718639186445,2.4169587423223,-3.31078669645838));
#2375=CARTESIAN_POINT('Ctrl Pts',(-12.9106588392597,1.98735562602516,-2.90878732092099));
#2376=CARTESIAN_POINT('Ctrl Pts',(-14.6485339249803,1.55700349933112,-2.50103216704088));
#2377=CARTESIAN_POINT('Ctrl Pts',(-9.17699189660187,2.01749332308531,-3.46630155588217));
#2378=CARTESIAN_POINT('Ctrl Pts',(-10.9152471386298,1.60539050909031,-3.08010657591491));
#2379=CARTESIAN_POINT('Ctrl Pts',(-12.6541839178771,1.1833291627691,-2.67354711900188));
#2380=CARTESIAN_POINT('Ctrl Pts',(-14.392195735633,0.758872789523861,-2.26242059936264));
#2381=CARTESIAN_POINT('Ctrl Pts',(-9.09787520475578,1.67067853242062,-3.49999999999999));
#2382=CARTESIAN_POINT('Ctrl Pts',(-10.835779527248,1.26162962953502,-3.10761925032218));
#2383=CARTESIAN_POINT('Ctrl Pts',(-12.5744713653589,0.841616833359399,-2.6977679791171));
#2384=CARTESIAN_POINT('Ctrl Pts',(-14.3122718947719,0.418652199467736,-2.28397465430945));
#2385=CARTESIAN_POINT('',(-9.80587687472269,3.18909875501229,-4.95860636178998));
#2386=CARTESIAN_POINT('Ctrl Pts',(-14.3122868821353,2.06249625315915,-3.91219352304913));
#2387=CARTESIAN_POINT('Ctrl Pts',(-12.8117281461794,2.43763593714812,-4.26821410142786));
#2388=CARTESIAN_POINT('Ctrl Pts',(-11.3101932054296,2.81301967233556,-4.619918417729));
#2389=CARTESIAN_POINT('Ctrl Pts',(-9.80587687472269,3.18909875501229,-4.95860636178998));
#2390=CARTESIAN_POINT('',(-9.09787520475577,1.6706785324206,-3.49999999999998));
#2391=CARTESIAN_POINT('Origin',(-9.44207343716819,1.73388500479429,-4.95860636178998));
#2392=CARTESIAN_POINT('Ctrl Pts',(-9.09787520475578,1.67067853242062,-3.49999999999999));
#2393=CARTESIAN_POINT('Ctrl Pts',(-10.835779527248,1.26162962953502,-3.10761925032218));
#2394=CARTESIAN_POINT('Ctrl Pts',(-12.5744713653589,0.841616833359399,-2.6977679791171));
#2395=CARTESIAN_POINT('Ctrl Pts',(-14.3122718947719,0.418652199467736,-2.28397465430945));
#2396=CARTESIAN_POINT('Ctrl Pts',(-9.09787520475572,1.67067853242061,-3.5));
#2397=CARTESIAN_POINT('Ctrl Pts',(-9.09727108188853,1.67396835409928,-3.5));
#2398=CARTESIAN_POINT('Ctrl Pts',(-9.09605431414788,1.68057530620804,-3.5));
#2399=CARTESIAN_POINT('Ctrl Pts',(-9.09358452430003,1.69390318876861,-3.5));
#2400=CARTESIAN_POINT('Ctrl Pts',(-9.08917273573368,1.71749682211032,-3.5));
#2401=CARTESIAN_POINT('Ctrl Pts',(-9.07997290342459,1.76581142995101,-3.5));
#2402=CARTESIAN_POINT('Ctrl Pts',(-9.0489466162257,1.92292400750154,-3.5));
#2403=CARTESIAN_POINT('Ctrl Pts',(-8.98642803043281,2.20494357017195,-3.5));
#2404=CARTESIAN_POINT('Ctrl Pts',(-8.89037400711353,2.5599992404129,-3.5));
#2405=CARTESIAN_POINT('Ctrl Pts',(-8.85536108347855,2.67302826045922,-3.5));
#2406=CARTESIAN_POINT('Ctrl Pts',(-8.85535898966811,2.67302712365139,-3.49999678696003));
#2407=CARTESIAN_POINT('Ctrl Pts',(-9.20336412721717,2.13309825330687,-3.45506874117624));
#2408=CARTESIAN_POINT('Ctrl Pts',(-9.20310141369949,2.13580089153116,-3.45604809313115));
#2409=CARTESIAN_POINT('Ctrl Pts',(-9.20253399516916,2.14123274856893,-3.45801126113101));
#2410=CARTESIAN_POINT('Ctrl Pts',(-9.20123742134777,2.15219641445849,-3.46198377931978));
#2411=CARTESIAN_POINT('Ctrl Pts',(-9.19854780939504,2.17162815329845,-3.46902129497972));
#2412=CARTESIAN_POINT('Ctrl Pts',(-9.19137752577886,2.21152938475086,-3.48326294723978));
#2413=CARTESIAN_POINT('Ctrl Pts',(-9.15858769477328,2.34160551903889,-3.5288681688555));
#2414=CARTESIAN_POINT('Ctrl Pts',(-9.04762852744589,2.57624160329821,-3.59388854203074));
#2415=CARTESIAN_POINT('Ctrl Pts',(-8.84433676674726,2.86515513260823,-3.59640277209733));
#2416=CARTESIAN_POINT('Ctrl Pts',(-8.77009989497307,2.95548640794354,-3.53243215912733));
#2417=CARTESIAN_POINT('Ctrl Pts',(-8.77009989497307,2.95548640794354,-3.5));
#2418=CARTESIAN_POINT('Ctrl Pts',(-9.48355860918555,2.95003446090359,-3.79245457803382));
#2419=CARTESIAN_POINT('Ctrl Pts',(-9.48138571711376,2.95140245405371,-3.79447645185389));
#2420=CARTESIAN_POINT('Ctrl Pts',(-9.47697729247194,2.95415551734151,-3.79850743086891));
#2421=CARTESIAN_POINT('Ctrl Pts',(-9.46789757586194,2.95973857082434,-3.8064972870973));
#2422=CARTESIAN_POINT('Ctrl Pts',(-9.4513558371332,2.96969118530055,-3.82028758070915));
#2423=CARTESIAN_POINT('Ctrl Pts',(-9.41557934565782,2.99033284062228,-3.84692933051765));
#2424=CARTESIAN_POINT('Ctrl Pts',(-9.28821789124657,3.05905616129505,-3.92292882774828));
#2425=CARTESIAN_POINT('Ctrl Pts',(-9.00399339632862,3.18925105075232,-3.98559156326826));
#2426=CARTESIAN_POINT('Ctrl Pts',(-8.60146329309296,3.3531948098303,-3.84817192739321));
#2427=CARTESIAN_POINT('Ctrl Pts',(-8.471014885316,3.40354279225306,-3.61856513339373));
#2428=CARTESIAN_POINT('Ctrl Pts',(-8.471014885316,3.40354279225306,-3.5));
#2429=CARTESIAN_POINT('Ctrl Pts',(-9.73190522240753,3.20759166809108,-4.60951934984589));
#2430=CARTESIAN_POINT('Ctrl Pts',(-9.72548924305494,3.20918536041385,-4.61140502554355));
#2431=CARTESIAN_POINT('Ctrl Pts',(-9.71261686599733,3.2123847178809,-4.61508792145329));
#2432=CARTESIAN_POINT('Ctrl Pts',(-9.68670354818691,3.21882471775916,-4.62209372458412));
#2433=CARTESIAN_POINT('Ctrl Pts',(-9.64096808554948,3.23019604880753,-4.63340280504204));
#2434=CARTESIAN_POINT('Ctrl Pts',(-9.54794358470523,3.25336243832217,-4.65215454493921));
#2435=CARTESIAN_POINT('Ctrl Pts',(-9.2493621349999,3.32774423886917,-4.68605341975364));
#2436=CARTESIAN_POINT('Ctrl Pts',(-8.74080315787428,3.45491530554907,-4.60134699980782));
#2437=CARTESIAN_POINT('Ctrl Pts',(-8.16607828229976,3.59861304987071,-4.17986380944251));
#2438=CARTESIAN_POINT('Ctrl Pts',(-7.99783743675239,3.64110861450487,-3.72984905068868));
#2439=CARTESIAN_POINT('Ctrl Pts',(-7.99783743675239,3.64110861450487,-3.5));
#2440=CARTESIAN_POINT('Ctrl Pts',(-9.80587687472269,3.18909875501229,-4.95860636178998));
#2441=CARTESIAN_POINT('Ctrl Pts',(-9.79773770658768,3.19113354704604,-4.96043884746187));
#2442=CARTESIAN_POINT('Ctrl Pts',(-9.78142757135157,3.19521108085507,-4.96398261057512));
#2443=CARTESIAN_POINT('Ctrl Pts',(-9.7486799875275,3.20339797681109,-4.97058773010554));
#2444=CARTESIAN_POINT('Ctrl Pts',(-9.69109614569961,3.21779393726806,-4.98087097927492));
#2445=CARTESIAN_POINT('Ctrl Pts',(-9.57484539443741,3.24685662508361,-4.99631318620384));
#2446=CARTESIAN_POINT('Ctrl Pts',(-9.20695249334242,3.33882985035736,-5.01242824748195));
#2447=CARTESIAN_POINT('Ctrl Pts',(-8.60830449906935,3.48849184892563,-4.86495224014518));
#2448=CARTESIAN_POINT('Ctrl Pts',(-7.96603992315401,3.64905799290446,-4.3220390174513));
#2449=CARTESIAN_POINT('Ctrl Pts',(-7.7831600210095,3.69477796844059,-3.77749778340016));
#2450=CARTESIAN_POINT('Ctrl Pts',(-7.7831600210095,3.69477796844059,-3.5));
#2451=CARTESIAN_POINT('',(-8.85536108347855,2.67302826045922,-3.5));
#2452=CARTESIAN_POINT('',(-9.03119593409422,2.,-3.5));
#2453=CARTESIAN_POINT('Origin',(0.,0.,-3.5));
#2454=CARTESIAN_POINT('Origin',(0.,0.,-3.5));
#2455=CARTESIAN_POINT('',(-8.56227189479084,3.49999999999525,-4.76861651001574));
#2456=CARTESIAN_POINT('Ctrl Pts',(-9.80587687472269,3.18909875501229,-4.95860636178998));
#2457=CARTESIAN_POINT('Ctrl Pts',(-9.79773770658768,3.19113354704604,-4.96043884746187));
#2458=CARTESIAN_POINT('Ctrl Pts',(-9.78142757135157,3.19521108085507,-4.96398261057512));
#2459=CARTESIAN_POINT('Ctrl Pts',(-9.7486799875275,3.20339797681109,-4.97058773010554));
#2460=CARTESIAN_POINT('Ctrl Pts',(-9.69109614569961,3.21779393726806,-4.98087097927492));
#2461=CARTESIAN_POINT('Ctrl Pts',(-9.57484539443741,3.24685662508361,-4.99631318620384));
#2462=CARTESIAN_POINT('Ctrl Pts',(-9.20695249334242,3.33882985035736,-5.01242824748195));
#2463=CARTESIAN_POINT('Ctrl Pts',(-8.84769672066765,3.42864379352605,-4.92392614361856));
#2464=CARTESIAN_POINT('Ctrl Pts',(-8.58641822393461,3.49396341770931,-4.78194545741908));
#2465=CARTESIAN_POINT('Ctrl Pts',(-8.56290809037344,3.4998409510996,-4.76844070598033));
#2466=CARTESIAN_POINT('Ctrl Pts',(-8.85536108347855,2.67302826045922,-3.5));
#2467=CARTESIAN_POINT('Ctrl Pts',(-8.85537363281482,2.67298668629941,-3.5));
#2468=CARTESIAN_POINT('Ctrl Pts',(-8.85533598475548,2.67311140788788,-3.5000004673819));
#2469=CARTESIAN_POINT('Ctrl Pts',(-8.85517579196546,2.67364207671925,-3.50000643359863));
#2470=CARTESIAN_POINT('Ctrl Pts',(-8.85484687421011,2.67473175304657,-3.50003351829301));
#2471=CARTESIAN_POINT('Ctrl Pts',(-8.85277090808836,2.68159961788226,-3.50043717857805));
#2472=CARTESIAN_POINT('Ctrl Pts',(-8.85007391353908,2.69051295086975,-3.50130705502301));
#2473=CARTESIAN_POINT('Ctrl Pts',(-8.84046228822762,2.72197051314702,-3.50689651524516));
#2474=CARTESIAN_POINT('Ctrl Pts',(-8.83437887971708,2.74164832052362,-3.51204875169858));
#2475=CARTESIAN_POINT('Ctrl Pts',(-8.81444437798081,2.80540450410803,-3.53224843808825));
#2476=CARTESIAN_POINT('Ctrl Pts',(-8.80007751298782,2.85010087505449,-3.55255672856172));
#2477=CARTESIAN_POINT('Ctrl Pts',(-8.7573929225577,2.97978590353275,-3.62507993654175));
#2478=CARTESIAN_POINT('Ctrl Pts',(-8.72560337170466,3.07157508831343,-3.69709107624624));
#2479=CARTESIAN_POINT('Ctrl Pts',(-8.65785429902504,3.25817149932801,-3.90878680589061));
#2480=CARTESIAN_POINT('Ctrl Pts',(-8.62488242629613,3.3433689002917,-4.0506507097861));
#2481=CARTESIAN_POINT('Ctrl Pts',(-8.57535430533645,3.46852359255821,-4.3904897251465));
#2482=CARTESIAN_POINT('Ctrl Pts',(-8.56227189477185,3.5,-4.57887081956694));
#2483=CARTESIAN_POINT('Ctrl Pts',(-8.56227189477185,3.5,-4.76861650999394));
#2484=CARTESIAN_POINT('Origin',(-8.56227189477185,3.5,-3.5));
#2485=CARTESIAN_POINT('',(-13.3122718947719,2.31249999999999,-4.5));
#2486=CARTESIAN_POINT('',(-11.1946248359483,2.84191176470588,-4.5));
#2487=CARTESIAN_POINT('',(-13.3122718947719,2.31249999999999,-4.5));
#2488=CARTESIAN_POINT('',(-8.56227189477185,3.5,-5.));
#2489=CARTESIAN_POINT('',(-8.56227189477185,3.5,-0.5));
#2490=CARTESIAN_POINT('',(-8.56227189477185,3.5,-0.5));
#2491=CARTESIAN_POINT('Ctrl Pts',(-15.0258792534178,-1.88409816033852,-3.74258101609945));
#2492=CARTESIAN_POINT('Ctrl Pts',(-13.2877400907205,-2.31863295101283,-4.15637438682022));
#2493=CARTESIAN_POINT('Ctrl Pts',(-11.5486742920412,-2.75339940068267,-4.5662258084864));
#2494=CARTESIAN_POINT('Ctrl Pts',(-9.8058768747227,-3.18909875501229,-4.95860636178998));
#2495=CARTESIAN_POINT('Ctrl Pts',(-14.9239559108643,-1.9095789959769,-3.2876939246564));
#2496=CARTESIAN_POINT('Ctrl Pts',(-13.1862694464135,-2.34410283644343,-3.69914571729379));
#2497=CARTESIAN_POINT('Ctrl Pts',(-11.4476623184451,-2.77841257253847,-4.10626886733621));
#2498=CARTESIAN_POINT('Ctrl Pts',(-9.70724800496918,-3.21375597245067,-4.49315701253119));
#2499=CARTESIAN_POINT('Ctrl Pts',(-14.6485339249803,-1.55700349933112,-2.50103216704088));
#2500=CARTESIAN_POINT('Ctrl Pts',(-12.9106586464308,-1.9873556737756,-2.90878736616415));
#2501=CARTESIAN_POINT('Ctrl Pts',(-11.1718630485597,-2.41695895515447,-3.31078688576325));
#2502=CARTESIAN_POINT('Ctrl Pts',(-9.43332338829555,-2.84222453704284,-3.68904196324563));
#2503=CARTESIAN_POINT('Ctrl Pts',(-14.392195735633,-0.758872789523856,-2.26242059936264));
#2504=CARTESIAN_POINT('Ctrl Pts',(-12.6541837250331,-1.18332920986537,-2.67354716461912));
#2505=CARTESIAN_POINT('Ctrl Pts',(-10.9152462686877,-1.60539071533481,-3.08010676919336));
#2506=CARTESIAN_POINT('Ctrl Pts',(-9.17699189660188,-2.01749332308531,-3.46630155588217));
#2507=CARTESIAN_POINT('Ctrl Pts',(-14.3122718947719,-0.418652199467732,
-2.28397465430945));
#2508=CARTESIAN_POINT('Ctrl Pts',(-12.5744711725384,-0.841616880290144,
-2.69776802503023));
#2509=CARTESIAN_POINT('Ctrl Pts',(-10.8357786574815,-1.26162983425113,-3.10761944669641));
#2510=CARTESIAN_POINT('Ctrl Pts',(-9.09787520475579,-1.67067853242062,-3.49999999999998));
#2511=CARTESIAN_POINT('',(-9.09787520475578,-1.67067853242059,-3.49999999999997));
#2512=CARTESIAN_POINT('',(-9.8058768747227,-3.18909875501229,-4.95860636178998));
#2513=CARTESIAN_POINT('Origin',(-9.4420734371682,-1.73388500479429,-4.95860636178998));
#2514=CARTESIAN_POINT('Ctrl Pts',(-9.8058768747227,-3.18909875501229,-4.95860636178998));
#2515=CARTESIAN_POINT('Ctrl Pts',(-11.3101924863775,-2.81301985209859,-4.61991857961934));
#2516=CARTESIAN_POINT('Ctrl Pts',(-12.8117278639464,-2.43763600770636,-4.26821416621454));
#2517=CARTESIAN_POINT('Ctrl Pts',(-14.3122868820368,-2.06249625318377,-3.91219352260784));
#2518=CARTESIAN_POINT('Ctrl Pts',(-14.3122718947719,-0.418652199467732,
-2.28397465430945));
#2519=CARTESIAN_POINT('Ctrl Pts',(-12.5744711725384,-0.841616880290144,
-2.69776802503023));
#2520=CARTESIAN_POINT('Ctrl Pts',(-10.8357786574815,-1.26162983425113,-3.10761944669641));
#2521=CARTESIAN_POINT('Ctrl Pts',(-9.09787520475579,-1.67067853242062,-3.49999999999998));
#2522=CARTESIAN_POINT('Ctrl Pts',(-9.03119593409422,-2.,-3.5));
#2523=CARTESIAN_POINT('Ctrl Pts',(-9.04588726651448,-1.93365984918989,-3.5));
#2524=CARTESIAN_POINT('Ctrl Pts',(-9.06037676535822,-1.86451738719313,-3.5));
#2525=CARTESIAN_POINT('Ctrl Pts',(-9.07433987230687,-1.79413003843234,-3.5));
#2526=CARTESIAN_POINT('Ctrl Pts',(-9.07892824004228,-1.77084463878586,-3.5));
#2527=CARTESIAN_POINT('Ctrl Pts',(-9.08410833669397,-1.74410010847226,-3.5));
#2528=CARTESIAN_POINT('Ctrl Pts',(-9.08977617547132,-1.7142460646599,-3.5));
#2529=CARTESIAN_POINT('Ctrl Pts',(-9.09390067871015,-1.69222784342236,-3.5));
#2530=CARTESIAN_POINT('Ctrl Pts',(-9.09656453040027,-1.67781596280507,-3.5));
#2531=CARTESIAN_POINT('Ctrl Pts',(-9.09787520475572,-1.6706785324206,-3.5));
#2532=CARTESIAN_POINT('Ctrl Pts',(-9.12300325671078,-2.40606250470982,-3.54321701203874));
#2533=CARTESIAN_POINT('Ctrl Pts',(-9.14741111504438,-2.35118389619543,-3.52810044294773));
#2534=CARTESIAN_POINT('Ctrl Pts',(-9.16991895923114,-2.29321377828842,-3.51169507628447));
#2535=CARTESIAN_POINT('Ctrl Pts',(-9.18498639361246,-2.23500382590323,-3.49132362853862));
#2536=CARTESIAN_POINT('Ctrl Pts',(-9.18975173070804,-2.21574115176061,-3.48458259548616));
#2537=CARTESIAN_POINT('Ctrl Pts',(-9.19453765102993,-2.19361623707637,-3.47679113867038));
#2538=CARTESIAN_POINT('Ctrl Pts',(-9.19880343718124,-2.16897642474486,-3.46796390638295));
#2539=CARTESIAN_POINT('Ctrl Pts',(-9.20139455646276,-2.15083887330127,-3.46140158382507));
#2540=CARTESIAN_POINT('Ctrl Pts',(-9.20279415728365,-2.13896176022742,-3.45719349354363));
#2541=CARTESIAN_POINT('Ctrl Pts',(-9.20336412721717,-2.13309825330687,-3.45506874117624));
#2542=CARTESIAN_POINT('Ctrl Pts',(-9.20749112790421,-3.09469879181718,-3.93348986530271));
#2543=CARTESIAN_POINT('Ctrl Pts',(-9.27224943636218,-3.06436615614228,-3.91898995342529));
#2544=CARTESIAN_POINT('Ctrl Pts',(-9.33487907297857,-3.03360685631954,-3.89350587195576));
#2545=CARTESIAN_POINT('Ctrl Pts',(-9.39237564297284,-3.00273823899824,-3.86030844264567));
#2546=CARTESIAN_POINT('Ctrl Pts',(-9.41110398782182,-2.99257375329798,-3.84899107354852));
#2547=CARTESIAN_POINT('Ctrl Pts',(-9.43175650364641,-2.98103043877658,-3.83504609409805));
#2548=CARTESIAN_POINT('Ctrl Pts',(-9.4536197721889,-2.96830815338531,-3.81838428404995));
#2549=CARTESIAN_POINT('Ctrl Pts',(-9.46913407507397,-2.95900891921603,-3.80558218630003));
#2550=CARTESIAN_POINT('Ctrl Pts',(-9.47884441266968,-2.95300238951162,-3.79684113300439));
#2551=CARTESIAN_POINT('Ctrl Pts',(-9.48355860918555,-2.95003446090359,-3.79245457803382));
#2552=CARTESIAN_POINT('Ctrl Pts',(-9.11326891252392,-3.36225074556198,-4.65068021418564));
#2553=CARTESIAN_POINT('Ctrl Pts',(-9.23312285008472,-3.33240590976389,-4.6687364844124));
#2554=CARTESIAN_POINT('Ctrl Pts',(-9.36084382114061,-3.29996561199126,-4.67165440776099));
#2555=CARTESIAN_POINT('Ctrl Pts',(-9.49432830350412,-3.26675955216722,-4.6575587360581));
#2556=CARTESIAN_POINT('Ctrl Pts',(-9.53859471243817,-3.25573624934606,-4.65216931837087));
#2557=CARTESIAN_POINT('Ctrl Pts',(-9.58976099157042,-3.24297592681036,-4.64388217234484));
#2558=CARTESIAN_POINT('Ctrl Pts',(-9.64730704095393,-3.22864616999017,-4.63177068268286));
#2559=CARTESIAN_POINT('Ctrl Pts',(-9.68995761173747,-3.21803986131031,-4.62139265307875));
#2560=CARTESIAN_POINT('Ctrl Pts',(-9.71798543876872,-3.21104926218555,-4.61361041627268));
#2561=CARTESIAN_POINT('Ctrl Pts',(-9.73190522240754,-3.20759166809108,-4.60951934984589));
#2562=CARTESIAN_POINT('Ctrl Pts',(-9.04842174794677,-3.37846253670627,-4.95739260392441));
#2563=CARTESIAN_POINT('Ctrl Pts',(-9.19037160937225,-3.3429750713499,-4.98928033239371));
#2564=CARTESIAN_POINT('Ctrl Pts',(-9.34468450924975,-3.30439684638053,-5.00438068559003));
#2565=CARTESIAN_POINT('Ctrl Pts',(-9.50889694873405,-3.26334373650945,-4.99834257568125));
#2566=CARTESIAN_POINT('Ctrl Pts',(-9.56350206754082,-3.24969245680776,-4.99545414284796));
#2567=CARTESIAN_POINT('Ctrl Pts',(-9.62704660832954,-3.23380632161058,-4.98955209736253));
#2568=CARTESIAN_POINT('Ctrl Pts',(-9.6990737750526,-3.21579952992981,-4.97934485318812));
#2569=CARTESIAN_POINT('Ctrl Pts',(-9.75273798456597,-3.20238347755147,-4.9699705265778));
#2570=CARTESIAN_POINT('Ctrl Pts',(-9.78821854803346,-3.1935133366846,-4.96258202983257));
#2571=CARTESIAN_POINT('Ctrl Pts',(-9.8058768747227,-3.18909875501229,-4.95860636178998));
#2572=CARTESIAN_POINT('',(-9.03119593409422,-2.,-3.5));
#2573=CARTESIAN_POINT('',(-9.04842174794678,-3.37846253670627,-4.95739260392442));
#2574=CARTESIAN_POINT('Origin',(-8.68461831039227,-1.92324878648827,-4.95739260392442));
#2575=CARTESIAN_POINT('Ctrl Pts',(-9.04842174794677,-3.37846253670627,-4.95739260392441));
#2576=CARTESIAN_POINT('Ctrl Pts',(-9.19037160937225,-3.3429750713499,-4.98928033239371));
#2577=CARTESIAN_POINT('Ctrl Pts',(-9.34468450924975,-3.30439684638053,-5.00438068559003));
#2578=CARTESIAN_POINT('Ctrl Pts',(-9.50889694873405,-3.26334373650945,-4.99834257568125));
#2579=CARTESIAN_POINT('Ctrl Pts',(-9.56350206754082,-3.24969245680776,-4.99545414284796));
#2580=CARTESIAN_POINT('Ctrl Pts',(-9.62704660832954,-3.23380632161058,-4.98955209736253));
#2581=CARTESIAN_POINT('Ctrl Pts',(-9.6990737750526,-3.21579952992981,-4.97934485318812));
#2582=CARTESIAN_POINT('Ctrl Pts',(-9.75273798456597,-3.20238347755147,-4.9699705265778));
#2583=CARTESIAN_POINT('Ctrl Pts',(-9.78821854803346,-3.1935133366846,-4.96258202983257));
#2584=CARTESIAN_POINT('Ctrl Pts',(-9.8058768747227,-3.18909875501229,-4.95860636178998));
#2585=CARTESIAN_POINT('Origin',(0.,0.,-3.5));
#2586=CARTESIAN_POINT('Ctrl Pts',(-8.85536060988854,-2.67302652998438,-3.49999642492387));
#2587=CARTESIAN_POINT('Ctrl Pts',(-8.85536108347855,-2.67302826045922,-3.5));
#2588=CARTESIAN_POINT('Ctrl Pts',(-8.89701075212594,-2.53833481844885,-3.5));
#2589=CARTESIAN_POINT('Ctrl Pts',(-8.97015537716019,-2.26296352065305,-3.5));
#2590=CARTESIAN_POINT('Ctrl Pts',(-9.00438723326942,-2.11746590090594,-3.5));
#2591=CARTESIAN_POINT('Ctrl Pts',(-9.00966910197955,-2.09493889448461,-3.5));
#2592=CARTESIAN_POINT('Ctrl Pts',(-9.01614794532666,-2.06688322253086,-3.5));
#2593=CARTESIAN_POINT('Ctrl Pts',(-9.02250888049976,-2.0388961880429,-3.5));
#2594=CARTESIAN_POINT('Ctrl Pts',(-9.02750396937883,-2.01662544974429,-3.5));
#2595=CARTESIAN_POINT('Ctrl Pts',(-9.02997036454325,-2.00553417937283,-3.5));
#2596=CARTESIAN_POINT('Ctrl Pts',(-9.03119593409422,-2.,-3.5));
#2597=CARTESIAN_POINT('Ctrl Pts',(-8.77009989497307,-2.95548640794354,-3.5));
#2598=CARTESIAN_POINT('Ctrl Pts',(-8.77009989497307,-2.95548640794354,-3.53536880837023));
#2599=CARTESIAN_POINT('Ctrl Pts',(-8.85810980278935,-2.84800703745449,-3.60338018202035));
#2600=CARTESIAN_POINT('Ctrl Pts',(-9.0116721681861,-2.62323505622405,-3.59141900788714));
#2601=CARTESIAN_POINT('Ctrl Pts',(-9.07563948578562,-2.50312870391093,-3.56684428140537));
#2602=CARTESIAN_POINT('Ctrl Pts',(-9.08539343544127,-2.48455229139339,-3.5628384955432));
#2603=CARTESIAN_POINT('Ctrl Pts',(-9.09711797842858,-2.4613735073984,-3.55752427670541));
#2604=CARTESIAN_POINT('Ctrl Pts',(-9.10828519584043,-2.43823714254827,-3.55178569976739));
#2605=CARTESIAN_POINT('Ctrl Pts',(-9.11682830804233,-2.41981808384665,-3.5469563988539));
#2606=CARTESIAN_POINT('Ctrl Pts',(-9.12096693987997,-2.41064090944497,-3.5444773337438));
#2607=CARTESIAN_POINT('Ctrl Pts',(-9.12300325671078,-2.40606250470982,-3.54321701203874));
#2608=CARTESIAN_POINT('Ctrl Pts',(-8.47092220297334,-3.40347822420869,-3.5));
#2609=CARTESIAN_POINT('Ctrl Pts',(-8.47092220297334,-3.40347822420869,-3.62929768099101));
#2610=CARTESIAN_POINT('Ctrl Pts',(-8.62702338001635,-3.34317723632695,-3.8778728673025));
#2611=CARTESIAN_POINT('Ctrl Pts',(-8.93747215208075,-3.21572879127538,-3.95647743374406));
#2612=CARTESIAN_POINT('Ctrl Pts',(-9.08893108146878,-3.14849107289893,-3.95009172721381));
#2613=CARTESIAN_POINT('Ctrl Pts',(-9.11221107430397,-3.13809352423202,-3.94860955068688));
#2614=CARTESIAN_POINT('Ctrl Pts',(-9.14087760645837,-3.1251646413733,-3.94569892674962));
#2615=CARTESIAN_POINT('Ctrl Pts',(-9.16899757110529,-3.11230286030504,-3.94149385923071));
#2616=CARTESIAN_POINT('Ctrl Pts',(-9.19106546198648,-3.10209029429114,-3.93737920715907));
#2617=CARTESIAN_POINT('Ctrl Pts',(-9.20194858032176,-3.09701424913931,-3.93507997871023));
#2618=CARTESIAN_POINT('Ctrl Pts',(-9.20735135768999,-3.09448332150389,-3.93387226529941));
#2619=CARTESIAN_POINT('Ctrl Pts',(-7.99783743675239,-3.64110861450487,-3.5));
#2620=CARTESIAN_POINT('Ctrl Pts',(-7.99783743675239,-3.64110861450487,-3.75063661739046));
#2621=CARTESIAN_POINT('Ctrl Pts',(-8.19855859675976,-3.59062696741217,-4.2391125585286));
#2622=CARTESIAN_POINT('Ctrl Pts',(-8.64923034039342,-3.47793337388129,-4.52288617190315));
#2623=CARTESIAN_POINT('Ctrl Pts',(-8.90417494181696,-3.41434697006377,-4.60351158164082));
#2624=CARTESIAN_POINT('Ctrl Pts',(-8.9437290921605,-3.40449374341097,-4.61508997199815));
#2625=CARTESIAN_POINT('Ctrl Pts',(-8.99336870018309,-3.39211940916331,-4.6279424811211));
#2626=CARTESIAN_POINT('Ctrl Pts',(-9.04328886534316,-3.37968026739762,-4.63866154410475));
#2627=CARTESIAN_POINT('Ctrl Pts',(-9.08327415812361,-3.36972098507492,-4.64595347012743));
#2628=CARTESIAN_POINT('Ctrl Pts',(-9.1032709212376,-3.36474004403425,-4.64917522785872));
#2629=CARTESIAN_POINT('Ctrl Pts',(-9.11326891252393,-3.36225074556198,-4.65068021418565));
#2630=CARTESIAN_POINT('Ctrl Pts',(-7.7831600210095,-3.69477796844059,-3.5));
#2631=CARTESIAN_POINT('Ctrl Pts',(-7.7831600210095,-3.69477796844059,-3.80260052459271));
#2632=CARTESIAN_POINT('Ctrl Pts',(-8.00100097950189,-3.64031772881749,-4.39392652380647));
#2633=CARTESIAN_POINT('Ctrl Pts',(-8.50679691440166,-3.51386874509255,-4.76545217651053));
#2634=CARTESIAN_POINT('Ctrl Pts',(-8.80303954294017,-3.43980808795793,-4.88320538846899));
#2635=CARTESIAN_POINT('Ctrl Pts',(-8.84908770437707,-3.4282960475987,-4.90035253070024));
#2636=CARTESIAN_POINT('Ctrl Pts',(-8.90711230547102,-3.41378989732521,-4.91992724880449));
#2637=CARTESIAN_POINT('Ctrl Pts',(-8.96576086956104,-3.39912775630271,-4.93700747977919));
#2638=CARTESIAN_POINT('Ctrl Pts',(-9.01292743783931,-3.38733611423314,-4.94915893203364));
#2639=CARTESIAN_POINT('Ctrl Pts',(-9.03658011078609,-3.38142294599644,-4.95473248924294));
#2640=CARTESIAN_POINT('Ctrl Pts',(-9.04842174794678,-3.37846253670627,-4.95739260392442));
#2641=CARTESIAN_POINT('',(-8.56227189483137,-3.49999999998512,-4.76861651006226));
#2642=CARTESIAN_POINT('',(-8.85536108347855,-2.67302826045922,-3.5));
#2643=CARTESIAN_POINT('Ctrl Pts',(-8.56227189477185,-3.5,-4.76861650999394));
#2644=CARTESIAN_POINT('Ctrl Pts',(-8.56227189477185,-3.5,-4.58593968732439));
#2645=CARTESIAN_POINT('Ctrl Pts',(-8.57438532773734,-3.47082011780508,-4.40447092359763));
#2646=CARTESIAN_POINT('Ctrl Pts',(-8.61806949845479,-3.36069604604577,-4.09201755488222));
#2647=CARTESIAN_POINT('Ctrl Pts',(-8.64583413218337,-3.28961306338761,-3.95910403660018));
#2648=CARTESIAN_POINT('Ctrl Pts',(-8.70916125811725,-3.11774786920409,-3.74156249074246));
#2649=CARTESIAN_POINT('Ctrl Pts',(-8.74057012946193,-3.02880182703467,-3.66235357084835));
#2650=CARTESIAN_POINT('Ctrl Pts',(-8.79051068939081,-2.87984236872844,-3.56599697436572));
#2651=CARTESIAN_POINT('Ctrl Pts',(-8.80889811089957,-2.82286047750641,-3.53920867821535));
#2652=CARTESIAN_POINT('Ctrl Pts',(-8.83612890838643,-2.73620480087458,-3.50954873597711));
#2653=CARTESIAN_POINT('Ctrl Pts',(-8.84493555575994,-2.70739699198988,-3.50370381608819));
#2654=CARTESIAN_POINT('Ctrl Pts',(-8.85351939240893,-2.67914041467913,-3.50010896460161));
#2655=CARTESIAN_POINT('Ctrl Pts',(-8.85509915369869,-2.67389597397007,-3.50000691262092));
#2656=CARTESIAN_POINT('Ctrl Pts',(-8.85534667942505,-2.67307597863536,-3.50000021041307));
#2657=CARTESIAN_POINT('Ctrl Pts',(-8.85535558842648,-2.67304646478238,-3.5));
#2658=CARTESIAN_POINT('Ctrl Pts',(-8.85536108347855,-2.67302826045922,-3.5));
#2659=CARTESIAN_POINT('Ctrl Pts',(-8.56244696807533,-3.49995623167414,-4.76854008740371));
#2660=CARTESIAN_POINT('Ctrl Pts',(-8.62907787903403,-3.48329850393446,-4.80677825509763));
#2661=CARTESIAN_POINT('Ctrl Pts',(-8.70924071956441,-3.46325779380186,-4.84592137980045));
#2662=CARTESIAN_POINT('Ctrl Pts',(-8.80303954294017,-3.43980808795793,-4.88320538846899));
#2663=CARTESIAN_POINT('Ctrl Pts',(-8.84908770437707,-3.4282960475987,-4.90035253070024));
#2664=CARTESIAN_POINT('Ctrl Pts',(-8.90711230547102,-3.41378989732521,-4.91992724880449));
#2665=CARTESIAN_POINT('Ctrl Pts',(-8.96576086956104,-3.39912775630271,-4.93700747977919));
#2666=CARTESIAN_POINT('Ctrl Pts',(-9.01292743783931,-3.38733611423314,-4.94915893203364));
#2667=CARTESIAN_POINT('Ctrl Pts',(-9.03658011078609,-3.38142294599644,-4.95473248924294));
#2668=CARTESIAN_POINT('Ctrl Pts',(-9.04842174794678,-3.37846253670627,-4.95739260392442));
#2669=CARTESIAN_POINT('Origin',(0.,0.,-3.5));
#2670=CARTESIAN_POINT('Origin',(0.,0.,-0.5));
#2671=CARTESIAN_POINT('',(-8.56227189477185,-3.5,-5.));
#2672=CARTESIAN_POINT('Ctrl Pts',(-9.03119593409422,-2.,-3.5));
#2673=CARTESIAN_POINT('Ctrl Pts',(-8.98872446590024,-2.19178407543425,-3.5));
#2674=CARTESIAN_POINT('Ctrl Pts',(-8.93673454081621,-2.39474151982757,-3.53888075378722));
#2675=CARTESIAN_POINT('Ctrl Pts',(-8.82866304798042,-2.76671646333756,-3.69507236422722));
#2676=CARTESIAN_POINT('Ctrl Pts',(-8.77287930179372,-2.93584418388827,-3.81232662627232));
#2677=CARTESIAN_POINT('Ctrl Pts',(-8.68061300866957,-3.19812972478388,-4.07906975972624));
#2678=CARTESIAN_POINT('Ctrl Pts',(-8.63744260299974,-3.31114273388377,-4.2449585511904));
#2679=CARTESIAN_POINT('Ctrl Pts',(-8.57804034371013,-3.46212434423613,-4.61093056545228));
#2680=CARTESIAN_POINT('Ctrl Pts',(-8.56227189477185,-3.5,-4.81112718840734));
#2681=CARTESIAN_POINT('Ctrl Pts',(-8.56227189477185,-3.5,-5.));
#2682=CARTESIAN_POINT('',(-8.56227189477185,-3.5,-0.5));
#2683=CARTESIAN_POINT('Origin',(0.,0.,-2.875));
#2684=CARTESIAN_POINT('Origin',(0.,0.,-3.5));
#2685=CARTESIAN_POINT('Origin',(-13.5622718947719,-2.25,-3.5));
#2686=CARTESIAN_POINT('',(-8.56227189477185,-3.5,-0.5));
#2687=CARTESIAN_POINT('',(-13.3122718947719,-2.31249999999999,-4.5));
#2688=CARTESIAN_POINT('',(-13.3122718947719,-2.31249999999999,-4.5));
#2689=CARTESIAN_POINT('',(-13.720360130066,-2.21047794117647,-4.5));
#2690=CARTESIAN_POINT('Origin',(0.,-2.,-3.5));
#2691=CARTESIAN_POINT('',(-8.00390529679106,2.,-3.5));
#2692=CARTESIAN_POINT('',(0.,2.,-3.5));
#2693=CARTESIAN_POINT('',(-8.25,1.01033360929657E-15,-3.5));
#2694=CARTESIAN_POINT('Origin',(0.,0.,-3.5));
#2695=CARTESIAN_POINT('',(-8.00390529679106,-2.,-3.5));
#2696=CARTESIAN_POINT('Origin',(0.,0.,-3.5));
#2697=CARTESIAN_POINT('',(0.,-2.,-3.5));
#2698=CARTESIAN_POINT('Origin',(-13.1149214405146,2.05703171516542,-5.25));
#2699=CARTESIAN_POINT('',(-13.3122718947719,1.75,-5.25));
#2700=CARTESIAN_POINT('Origin',(-13.3122718947719,2.0076941016011,-5.25));
#2701=CARTESIAN_POINT('',(-13.0542875342556,1.81449609012908,-5.25));
#2702=CARTESIAN_POINT('Origin',(-14.3122718947719,1.5,-5.5));
#2703=CARTESIAN_POINT('',(-13.3122718947719,1.75,-5.045));
#2704=CARTESIAN_POINT('',(-13.3122718947719,1.75,-5.5));
#2705=CARTESIAN_POINT('',(-14.0034483653601,1.57720588235294,-5.045));
#2706=CARTESIAN_POINT('Origin',(-13.3122718947719,1.75,-5.5));
#2707=CARTESIAN_POINT('',(-13.3122718947719,2.31177314149041,-4.5));
#2708=CARTESIAN_POINT('',(-13.3122718947719,-2.75,-4.5));
#2709=CARTESIAN_POINT('',(-13.3122718947719,1.72798209129125,-5.06636050900268));
#2710=CARTESIAN_POINT('Origin',(-12.6149214405146,-2.18203171516542,-5.25));
#2711=CARTESIAN_POINT('',(-13.3122718947719,-1.75,-5.25));
#2712=CARTESIAN_POINT('Origin',(-13.3122718947719,-2.0076941016011,-5.25));
#2713=CARTESIAN_POINT('',(-12.5542875342556,-1.93949609012908,-5.25));
#2714=CARTESIAN_POINT('Origin',(-13.3122718947719,-2.31249999999999,-5.5));
#2715=CARTESIAN_POINT('',(-13.3122718947719,-1.75,-5.045));
#2716=CARTESIAN_POINT('',(-13.3122718947719,-1.75,-5.5));
#2717=CARTESIAN_POINT('',(-13.3122718947719,-2.31177314149041,-4.5));
#2718=CARTESIAN_POINT('',(-13.3122718947719,-1.90340822765488,-4.89617215848003));
#2719=CARTESIAN_POINT('',(-13.3122718947719,-2.75,-4.5));
#2720=CARTESIAN_POINT('Origin',(-13.3122718947719,-1.75,-5.5));
#2721=CARTESIAN_POINT('',(-13.5291836594778,-1.69577205882353,-5.045));
#2722=CARTESIAN_POINT('Origin',(-14.0695393231825,1.84156971364254,-4.7725));
#2723=CARTESIAN_POINT('',(-14.1356302810049,2.10593354493215,-4.5));
#2724=CARTESIAN_POINT('Origin',(-13.8122718947719,2.125,-4.5));
#2725=CARTESIAN_POINT('Origin',(-13.5952746173002,-1.96013589011313,-4.7725));
#2726=CARTESIAN_POINT('',(-13.6613655751226,-2.22449972140274,-4.5));
#2727=CARTESIAN_POINT('Origin',(-13.8122718947719,-1.90625,-4.5));
#2728=CARTESIAN_POINT('Origin',(0.,0.,-0.5));
#2729=CARTESIAN_POINT('Ctrl Pts',(-8.56227189477185,3.5,-5.));
#2730=CARTESIAN_POINT('Ctrl Pts',(-8.56227189477185,3.5,-4.81112718840734));
#2731=CARTESIAN_POINT('Ctrl Pts',(-8.57804034371013,3.46212434423613,-4.61093056545228));
#2732=CARTESIAN_POINT('Ctrl Pts',(-8.63744260299974,3.31114273388377,-4.2449585511904));
#2733=CARTESIAN_POINT('Ctrl Pts',(-8.68061300866957,3.19812972478388,-4.07906975972624));
#2734=CARTESIAN_POINT('Ctrl Pts',(-8.77287930179372,2.93584418388827,-3.81232662627231));
#2735=CARTESIAN_POINT('Ctrl Pts',(-8.82866304798042,2.76671646333756,-3.69507236422722));
#2736=CARTESIAN_POINT('Ctrl Pts',(-8.93673454081621,2.39474151982757,-3.53888075378722));
#2737=CARTESIAN_POINT('Ctrl Pts',(-8.98872446590024,2.19178407543425,-3.5));
#2738=CARTESIAN_POINT('Ctrl Pts',(-9.03119593409422,2.,-3.5));
#2739=CARTESIAN_POINT('Origin',(-1.075,8.68371320346314,-7.5));
#2740=CARTESIAN_POINT('',(-1.075,8.26071224396235,-7.5));
#2741=CARTESIAN_POINT('',(-1.075,8.17966227909197,-7.45329821345577));
#2742=CARTESIAN_POINT('Ctrl Pts',(-1.075,8.26071224396235,-7.5));
#2743=CARTESIAN_POINT('Ctrl Pts',(-1.075,8.23369406205141,-7.48443155533135));
#2744=CARTESIAN_POINT('Ctrl Pts',(-1.07499999999999,8.20667609676658,-7.46886353517285));
#2745=CARTESIAN_POINT('Ctrl Pts',(-1.07499999999999,8.17966227909196,-7.45329821345577));
#2746=CARTESIAN_POINT('',(-1.075,8.68371320346314,-7.5));
#2747=CARTESIAN_POINT('',(-1.075,4.34185660173157,-7.5));
#2748=CARTESIAN_POINT('',(-1.075,8.68371320346314,-3.5));
#2749=CARTESIAN_POINT('',(-1.075,8.68371320346314,-7.5));
#2750=CARTESIAN_POINT('',(-1.075,8.17966227909197,-3.5));
#2751=CARTESIAN_POINT('',(-1.075,-8.68371320346314,-3.5));
#2752=CARTESIAN_POINT('',(-1.07499945012503,8.17965980912737,-5.95329821345577));
#2753=CARTESIAN_POINT('',(-1.075,8.17966227909197,-0.5));
#2754=CARTESIAN_POINT('',(-1.075,8.53421101933272,-6.15760565451544));
#2755=CARTESIAN_POINT('Ctrl Pts',(-1.075,8.53421101933272,-6.15760565451544));
#2756=CARTESIAN_POINT('Ctrl Pts',(-1.075,8.47513695567087,-6.12356172516127));
#2757=CARTESIAN_POINT('Ctrl Pts',(-1.075,8.41604251268786,-6.08950735050998));
#2758=CARTESIAN_POINT('Ctrl Pts',(-1.075,8.29787306942156,-6.02141257250161));
#2759=CARTESIAN_POINT('Ctrl Pts',(-1.07499999999999,8.23875774965702,-5.98734893603214));
#2760=CARTESIAN_POINT('Ctrl Pts',(-1.07499999999999,8.17966227909196,-5.95329821345577));
#2761=CARTESIAN_POINT('',(-1.075,8.53421101933272,-6.28256625309075));
#2762=CARTESIAN_POINT('',(-1.075,8.53421101933272,-2.18748029928766));
#2763=CARTESIAN_POINT('',(-1.075,8.17966227909197,-6.48430925635215));
#2764=CARTESIAN_POINT('Ctrl Pts',(-1.07499999999999,8.17966227909196,-6.48430925635215));
#2765=CARTESIAN_POINT('Ctrl Pts',(-1.07499999999999,8.23876205506821,-6.45070173776867));
#2766=CARTESIAN_POINT('Ctrl Pts',(-1.075,8.29787700352223,-6.41707461769839));
#2767=CARTESIAN_POINT('Ctrl Pts',(-1.075,8.41604667463295,-6.34983404887801));
#2768=CARTESIAN_POINT('Ctrl Pts',(-1.075,8.47514055467277,-6.31619832275808));
#2769=CARTESIAN_POINT('Ctrl Pts',(-1.075,8.53421101933272,-6.28256625309075));
#2770=CARTESIAN_POINT('',(-1.075,8.17966227909197,-0.5));
#2771=CARTESIAN_POINT('Origin',(1.075,-8.68371320346314,-7.5));
#2772=CARTESIAN_POINT('',(1.075,8.17966227909197,-6.54670178654423));
#2773=CARTESIAN_POINT('',(1.075,8.17966227909197,-7.5));
#2774=CARTESIAN_POINT('',(1.075,8.17966227909197,-0.5));
#2775=CARTESIAN_POINT('',(1.07499999999999,8.53421101933272,-6.34239434548456));
#2776=CARTESIAN_POINT('Ctrl Pts',(1.07499999999999,8.53421101933272,-6.34239434548456));
#2777=CARTESIAN_POINT('Ctrl Pts',(1.07499999999999,8.47513695569224,-6.37643827482641));
#2778=CARTESIAN_POINT('Ctrl Pts',(1.07499999999999,8.41604251269789,-6.41049264948424));
#2779=CARTESIAN_POINT('Ctrl Pts',(1.07499999999999,8.29787306938206,-6.47858742752115));
#2780=CARTESIAN_POINT('Ctrl Pts',(1.07499999999999,8.2387577496383,-6.51265106397864));
#2781=CARTESIAN_POINT('Ctrl Pts',(1.07499999999999,8.17966227909196,-6.54670178654424));
#2782=CARTESIAN_POINT('',(1.07499999999999,8.53421101933272,-6.21743374690925));
#2783=CARTESIAN_POINT('',(1.075,8.53421101933272,-2.18748029928766));
#2784=CARTESIAN_POINT('',(1.075,8.17966227909197,-6.01569074364785));
#2785=CARTESIAN_POINT('Ctrl Pts',(1.07499999999999,8.17966227909196,-6.01569074364785));
#2786=CARTESIAN_POINT('Ctrl Pts',(1.07499999999999,8.23876205507367,-6.04929826223443));
#2787=CARTESIAN_POINT('Ctrl Pts',(1.07499999999999,8.2978770035337,-6.08292538230814));
#2788=CARTESIAN_POINT('Ctrl Pts',(1.07499999999999,8.41604667463023,-6.15016595112044));
#2789=CARTESIAN_POINT('Ctrl Pts',(1.07499999999999,8.47514055466697,-6.18380167723863));
#2790=CARTESIAN_POINT('Ctrl Pts',(1.07499999999999,8.53421101933272,-6.21743374690925));
#2791=CARTESIAN_POINT('',(1.075,8.17966227909197,-3.5));
#2792=CARTESIAN_POINT('',(1.075,8.17966227909197,-0.5));
#2793=CARTESIAN_POINT('',(1.075,8.68371320346314,-3.5));
#2794=CARTESIAN_POINT('',(1.075,-8.68371320346314,-3.5));
#2795=CARTESIAN_POINT('',(1.075,8.68371320346314,-7.5));
#2796=CARTESIAN_POINT('',(1.075,8.68371320346314,-7.5));
#2797=CARTESIAN_POINT('',(1.075,-4.34185660173157,-7.5));
#2798=CARTESIAN_POINT('Origin',(1.075,-8.68371320346314,-7.5));
#2799=CARTESIAN_POINT('',(1.075,-8.17966227909197,-7.5));
#2800=CARTESIAN_POINT('',(1.075,-8.17966227909197,-7.23430925635215));
#2801=CARTESIAN_POINT('',(1.075,-8.17966227909197,-0.5));
#2802=CARTESIAN_POINT('',(1.075,-8.68371320346314,-7.5));
#2803=CARTESIAN_POINT('',(1.075,-4.34185660173157,-7.5));
#2804=CARTESIAN_POINT('',(1.075,-8.68371320346314,-3.5));
#2805=CARTESIAN_POINT('',(1.075,-8.68371320346314,-7.5));
#2806=CARTESIAN_POINT('',(1.075,-8.17966227909197,-3.5));
#2807=CARTESIAN_POINT('',(1.075,-8.68371320346314,-3.5));
#2808=CARTESIAN_POINT('',(1.075,-8.17966227909197,-5.5));
#2809=CARTESIAN_POINT('',(1.075,-8.17966227909197,-0.5));
#2810=CARTESIAN_POINT('',(1.075,-8.53421101933272,-5.5));
#2811=CARTESIAN_POINT('',(1.075,-4.34185660173157,-5.5));
#2812=CARTESIAN_POINT('',(1.075,-8.53421101933272,-5.53256625309075));
#2813=CARTESIAN_POINT('',(1.075,-8.53421101933272,-2.18748029928766));
#2814=CARTESIAN_POINT('',(1.075,-8.17966227909197,-5.73430925635215));
#2815=CARTESIAN_POINT('Ctrl Pts',(1.07499999999999,-8.17966227909197,-5.73430925635215));
#2816=CARTESIAN_POINT('Ctrl Pts',(1.07499999999999,-8.23876231330007,-5.70070159092324));
#2817=CARTESIAN_POINT('Ctrl Pts',(1.075,-8.29787752020431,-5.66707432378746));
#2818=CARTESIAN_POINT('Ctrl Pts',(1.075,-8.41604719121114,-5.59983375484615));
#2819=CARTESIAN_POINT('Ctrl Pts',(1.075,-8.47514081280254,-5.56619817579058));
#2820=CARTESIAN_POINT('Ctrl Pts',(1.075,-8.53421101933272,-5.53256625309075));
#2821=CARTESIAN_POINT('',(1.07499854218423,-8.17965829510451,-6.70329821345577));
#2822=CARTESIAN_POINT('',(1.075,-8.17966227909197,-0.5));
#2823=CARTESIAN_POINT('',(1.075,-8.53421101933272,-6.90760565451544));
#2824=CARTESIAN_POINT('Ctrl Pts',(1.075,-8.53421101933272,-6.90760565451544));
#2825=CARTESIAN_POINT('Ctrl Pts',(1.075,-8.47513695567172,-6.87356172516176));
#2826=CARTESIAN_POINT('Ctrl Pts',(1.075,-8.41604251268821,-6.83950735051018));
#2827=CARTESIAN_POINT('Ctrl Pts',(1.075,-8.29787306942259,-6.77141257250221));
#2828=CARTESIAN_POINT('Ctrl Pts',(1.07499999999999,-8.23875774965749,-6.73734893603242));
#2829=CARTESIAN_POINT('Ctrl Pts',(1.07499999999999,-8.17966227909196,-6.70329821345577));
#2830=CARTESIAN_POINT('',(1.075,-8.53421101933272,-7.03256625309075));
#2831=CARTESIAN_POINT('',(1.075,-8.53421101933272,-2.18748029928766));
#2832=CARTESIAN_POINT('Ctrl Pts',(1.07499999999999,-8.17966227909196,-7.23430925635215));
#2833=CARTESIAN_POINT('Ctrl Pts',(1.07499999999999,-8.23876205506859,-7.20070173776846));
#2834=CARTESIAN_POINT('Ctrl Pts',(1.075,-8.29787700352293,-7.16707461769799));
#2835=CARTESIAN_POINT('Ctrl Pts',(1.075,-8.41604667463247,-7.09983404887828));
#2836=CARTESIAN_POINT('Ctrl Pts',(1.075,-8.47514055467182,-7.06619832275862));
#2837=CARTESIAN_POINT('Ctrl Pts',(1.075,-8.53421101933272,-7.03256625309075));
#2838=CARTESIAN_POINT('Origin',(6.93889390390723E-16,1.11022302462516E-15,
-3.5));
#2839=CARTESIAN_POINT('Origin',(0.,0.,-3.5));
#2840=CARTESIAN_POINT('Origin',(2.25514051876985E-16,1.11022302462516E-15,
-3.5));
#2841=CARTESIAN_POINT('Origin',(-1.075,8.68371320346314,-7.5));
#2842=CARTESIAN_POINT('',(-1.075,-8.17966227909197,-7.29670178654423));
#2843=CARTESIAN_POINT('',(-1.075,-8.17966227909197,-7.5));
#2844=CARTESIAN_POINT('',(-1.075,-8.17966227909197,-0.5));
#2845=CARTESIAN_POINT('',(-1.07499999999999,-8.53421101933272,-7.09239434548456));
#2846=CARTESIAN_POINT('Ctrl Pts',(-1.07499999999999,-8.53421101933272,-7.09239434548456));
#2847=CARTESIAN_POINT('Ctrl Pts',(-1.07499999999999,-8.47513695562828,-7.12643827486327));
#2848=CARTESIAN_POINT('Ctrl Pts',(-1.07500000000002,-8.41604251266795,-7.16049264950149));
#2849=CARTESIAN_POINT('Ctrl Pts',(-1.07500000000002,-8.29787306944235,-7.22858742748641));
#2850=CARTESIAN_POINT('Ctrl Pts',(-1.07499999999999,-8.23875774966659,-7.26265106396234));
#2851=CARTESIAN_POINT('Ctrl Pts',(-1.07499999999999,-8.17966227909196,-7.29670178654424));
#2852=CARTESIAN_POINT('',(-1.07499999999999,-8.53421101933272,-6.96743374690925));
#2853=CARTESIAN_POINT('',(-1.075,-8.53421101933272,-2.18748029928766));
#2854=CARTESIAN_POINT('',(-1.075,-8.17966227909197,-6.76569074364786));
#2855=CARTESIAN_POINT('Ctrl Pts',(-1.07499999999999,-8.17966227909196,-6.76569074364785));
#2856=CARTESIAN_POINT('Ctrl Pts',(-1.07499999999999,-8.23876205506771,-6.79929826223105));
#2857=CARTESIAN_POINT('Ctrl Pts',(-1.07499999999999,-8.29787700352115,-6.83292538230099));
#2858=CARTESIAN_POINT('Ctrl Pts',(-1.07499999999999,-8.41604667463335,-6.90016595112222));
#2859=CARTESIAN_POINT('Ctrl Pts',(-1.07499999999999,-8.47514055467356,-6.93380167724238));
#2860=CARTESIAN_POINT('Ctrl Pts',(-1.07499999999999,-8.53421101933272,-6.96743374690925));
#2861=CARTESIAN_POINT('',(-1.075,-8.17966227909197,-5.79670178654423));
#2862=CARTESIAN_POINT('',(-1.075,-8.17966227909197,-0.5));
#2863=CARTESIAN_POINT('',(-1.075,-8.53421101933272,-5.59239434548456));
#2864=CARTESIAN_POINT('Ctrl Pts',(-1.075,-8.53421101933272,-5.59239434548456));
#2865=CARTESIAN_POINT('Ctrl Pts',(-1.075,-8.47513666278259,-5.626438443628));
#2866=CARTESIAN_POINT('Ctrl Pts',(-1.075,-8.41604192656042,-5.66049298725788));
#2867=CARTESIAN_POINT('Ctrl Pts',(-1.075,-8.29787248319534,-5.72858776529571));
#2868=CARTESIAN_POINT('Ctrl Pts',(-1.075,-8.23875745669375,-5.76265123277286));
#2869=CARTESIAN_POINT('Ctrl Pts',(-1.075,-8.17966227909197,-5.79670178654423));
#2870=CARTESIAN_POINT('',(-1.075,-8.53421101933272,-5.5));
#2871=CARTESIAN_POINT('',(-1.075,-8.53421101933272,-2.18748029928766));
#2872=CARTESIAN_POINT('',(-1.075,-8.17966227909197,-5.5));
#2873=CARTESIAN_POINT('',(-1.075,4.34185660173157,-5.5));
#2874=CARTESIAN_POINT('',(-1.075,-8.17966227909197,-3.5));
#2875=CARTESIAN_POINT('',(-1.075,-8.17966227909197,-0.5));
#2876=CARTESIAN_POINT('',(-1.075,-8.68371320346314,-3.5));
#2877=CARTESIAN_POINT('',(-1.075,-8.68371320346314,-3.5));
#2878=CARTESIAN_POINT('',(-1.075,-8.68371320346314,-7.5));
#2879=CARTESIAN_POINT('',(-1.075,-8.68371320346314,-7.5));
#2880=CARTESIAN_POINT('',(-1.075,4.34185660173157,-7.5));
#2881=CARTESIAN_POINT('Origin',(2.25514051876985E-16,1.11022302462516E-15,
-7.5));
#2882=CARTESIAN_POINT('Origin',(2.25514051876985E-16,1.11022302462516E-15,
-7.5));
#2883=CARTESIAN_POINT('Origin',(2.25514051876985E-16,1.11022302462516E-15,
-7.5));
#2884=CARTESIAN_POINT('Origin',(2.25514051876985E-16,1.11022302462516E-15,
-7.5));
#2885=CARTESIAN_POINT('Origin',(2.25514051876985E-16,1.11022302462516E-15,
-3.5));
#2886=CARTESIAN_POINT('Origin',(6.93889390390723E-16,1.11022302462516E-15,
-3.5));
#2887=CARTESIAN_POINT('Origin',(0.,0.,-3.5));
#2888=CARTESIAN_POINT('Ctrl Pts',(7.39737303311379,-3.65258431921303,-5.5));
#2889=CARTESIAN_POINT('Ctrl Pts',(6.88244042866954,-4.69544828321528,-5.5336559250359));
#2890=CARTESIAN_POINT('Ctrl Pts',(5.15963446483577,-6.87275180233846,-5.61218641678633));
#2891=CARTESIAN_POINT('Ctrl Pts',(2.56964760457126,-7.99151101028417,-5.69071690853676));
#2892=CARTESIAN_POINT('Ctrl Pts',(1.03105218184882,-8.18531803892218,-5.73559147525128));
#2893=CARTESIAN_POINT('Ctrl Pts',(7.50247550693579,-3.70448053237874,-5.43232492594649));
#2894=CARTESIAN_POINT('Ctrl Pts',(6.98022669843688,-4.76216159185336,-5.46598085098239));
#2895=CARTESIAN_POINT('Ctrl Pts',(5.23294296825232,-6.97040041531997,-5.54451134273282));
#2896=CARTESIAN_POINT('Ctrl Pts',(2.6061573653853,-8.10505504449696,-5.62304183448324));
#2897=CARTESIAN_POINT('Ctrl Pts',(1.04570145456587,-8.30161569905903,-5.66791640119777));
#2898=CARTESIAN_POINT('Ctrl Pts',(7.60757798075779,-3.75637674554444,-5.36464985189298));
#2899=CARTESIAN_POINT('Ctrl Pts',(7.07801296820422,-4.82887490049145,-5.39830577692888));
#2900=CARTESIAN_POINT('Ctrl Pts',(5.30625147166886,-7.06804902830147,-5.47683626867931));
#2901=CARTESIAN_POINT('Ctrl Pts',(2.64266712619934,-8.21859907870974,-5.55536676042973));
#2902=CARTESIAN_POINT('Ctrl Pts',(1.06035072728293,-8.41791335919587,-5.60024132714426));
#2903=CARTESIAN_POINT('Ctrl Pts',(7.71268045457978,-3.80827295871015,-5.29697477783947));
#2904=CARTESIAN_POINT('Ctrl Pts',(7.17579923797155,-4.89558820912954,-5.33063070287537));
#2905=CARTESIAN_POINT('Ctrl Pts',(5.37955997508541,-7.16569764128298,-5.40916119462579));
#2906=CARTESIAN_POINT('Ctrl Pts',(2.67917688701338,-8.33214311292252,-5.48769168637622));
#2907=CARTESIAN_POINT('Ctrl Pts',(1.07499999999998,-8.53421101933272,-5.53256625309075));
#2908=CARTESIAN_POINT('',(2.22558519182423,-8.30873957206704,-5.5));
#2909=CARTESIAN_POINT('Ctrl Pts',(2.22513815110422,-8.30749979480981,-5.5));
#2910=CARTESIAN_POINT('Ctrl Pts',(1.84754384351745,-8.40926803892224,-5.51085541769692));
#2911=CARTESIAN_POINT('Ctrl Pts',(1.46305968376366,-8.48532962196618,-5.52171083539384));
#2912=CARTESIAN_POINT('Ctrl Pts',(1.07499999999998,-8.53421101933272,-5.53256625309075));
#2913=CARTESIAN_POINT('',(7.39737303311381,-3.65258431921298,-5.5));
#2914=CARTESIAN_POINT('Ctrl Pts',(7.39737303310621,-3.65258431923055,-5.5));
#2915=CARTESIAN_POINT('Ctrl Pts',(7.33893026493498,-3.78757704667326,-5.5));
#2916=CARTESIAN_POINT('Ctrl Pts',(7.27677762346318,-3.92110671826235,-5.5));
#2917=CARTESIAN_POINT('Ctrl Pts',(7.21099924524089,-4.05304115373485,-5.5));
#2918=CARTESIAN_POINT('Ctrl Pts',(7.19418227663552,-4.08677164875878,-5.5));
#2919=CARTESIAN_POINT('Ctrl Pts',(7.17712826902457,-4.12039784558649,-5.5));
#2920=CARTESIAN_POINT('Ctrl Pts',(7.15983852389119,-4.15391747155778,-5.5));
#2921=CARTESIAN_POINT('Ctrl Pts',(7.14466016014772,-4.18334376278488,-5.5));
#2922=CARTESIAN_POINT('Ctrl Pts',(7.12929783182353,-4.21269209731729,-5.5));
#2923=CARTESIAN_POINT('Ctrl Pts',(7.11376635910212,-4.24193501228215,-5.5));
#2924=CARTESIAN_POINT('Ctrl Pts',(7.01344531637501,-4.43082113881221,-5.5));
#2925=CARTESIAN_POINT('Ctrl Pts',(6.90597482611863,-4.61550227725512,-5.5));
#2926=CARTESIAN_POINT('Ctrl Pts',(6.79173120015142,-4.79562580155782,-5.5));
#2927=CARTESIAN_POINT('Ctrl Pts',(6.67554641882775,-4.97880987073613,-5.5));
#2928=CARTESIAN_POINT('Ctrl Pts',(6.55235615528495,-5.15728073720228,-5.5));
#2929=CARTESIAN_POINT('Ctrl Pts',(6.42250422462568,-5.33065406318063,-5.5));
#2930=CARTESIAN_POINT('Ctrl Pts',(6.29235001156112,-5.50443098505256,-5.5));
#2931=CARTESIAN_POINT('Ctrl Pts',(6.1555027285792,-5.67308720947317,-5.5));
#2932=CARTESIAN_POINT('Ctrl Pts',(6.01226130839723,-5.83621321559314,-5.5));
#2933=CARTESIAN_POINT('Ctrl Pts',(5.87014540704956,-5.99805745983154,-5.5));
#2934=CARTESIAN_POINT('Ctrl Pts',(5.72173504862125,-6.15445860382109,-5.5));
#2935=CARTESIAN_POINT('Ctrl Pts',(5.56728146960292,-6.30498603000618,-5.5));
#2936=CARTESIAN_POINT('Ctrl Pts',(5.49860461257474,-6.37191714673806,-5.5));
#2937=CARTESIAN_POINT('Ctrl Pts',(5.42873245681746,-6.4376865235188,-5.5));
#2938=CARTESIAN_POINT('Ctrl Pts',(5.35768479247642,-6.50225389354151,-5.5));
#2939=CARTESIAN_POINT('Ctrl Pts',(5.30147962391757,-6.5533325595214,-5.5));
#2940=CARTESIAN_POINT('Ctrl Pts',(5.24453876149333,-6.603658946905,-5.5));
#2941=CARTESIAN_POINT('Ctrl Pts',(5.18687960145031,-6.65322374005672,-5.5));
#2942=CARTESIAN_POINT('Ctrl Pts',(5.16469650034792,-6.67229271048195,-5.5));
#2943=CARTESIAN_POINT('Ctrl Pts',(5.14240707516633,-6.69124894630309,-5.5));
#2944=CARTESIAN_POINT('Ctrl Pts',(5.12001229935544,-6.71009189165747,-5.5));
#2945=CARTESIAN_POINT('Ctrl Pts',(5.10274502403457,-6.72462056245273,-5.5));
#2946=CARTESIAN_POINT('Ctrl Pts',(5.08541738815028,-6.73907994118084,-5.5));
#2947=CARTESIAN_POINT('Ctrl Pts',(5.06803635164818,-6.75346455585307,-5.5));
#2948=CARTESIAN_POINT('Ctrl Pts',(4.90202950591535,-6.89085247909527,-5.5));
#2949=CARTESIAN_POINT('Ctrl Pts',(4.73098485073709,-7.02156612524424,-5.5));
#2950=CARTESIAN_POINT('Ctrl Pts',(4.55539731663522,-7.14549622025825,-5.5));
#2951=CARTESIAN_POINT('Ctrl Pts',(4.37603303459522,-7.27209195285986,-5.5));
#2952=CARTESIAN_POINT('Ctrl Pts',(4.19192793035304,-7.39160960220118,-5.5));
#2953=CARTESIAN_POINT('Ctrl Pts',(4.00356651156058,-7.50389908944537,-5.5));
#2954=CARTESIAN_POINT('Ctrl Pts',(3.81420814342887,-7.61678289653929,-5.5));
#2955=CARTESIAN_POINT('Ctrl Pts',(3.62054772939381,-7.72236219025737,-5.5));
#2956=CARTESIAN_POINT('Ctrl Pts',(3.42304201081439,-7.82044504153313,-5.5));
#2957=CARTESIAN_POINT('Ctrl Pts',(3.22632762360361,-7.9181349115955,-5.5));
#2958=CARTESIAN_POINT('Ctrl Pts',(3.02579808205799,-8.00838860074115,-5.5));
#2959=CARTESIAN_POINT('Ctrl Pts',(2.82187829416665,-8.09097247285369,-5.5));
#2960=CARTESIAN_POINT('Ctrl Pts',(2.62597402648236,-8.17031020243863,-5.5));
#2961=CARTESIAN_POINT('Ctrl Pts',(2.42694018294613,-8.24256924032181,-5.5));
#2962=CARTESIAN_POINT('Ctrl Pts',(2.22513815110423,-8.3074997948098,-5.5));
#2963=CARTESIAN_POINT('Ctrl Pts',(7.39737303311379,-3.65258431921303,-5.5));
#2964=CARTESIAN_POINT('Ctrl Pts',(6.88244042866954,-4.69544828321528,-5.5336559250359));
#2965=CARTESIAN_POINT('Ctrl Pts',(6.14409501559792,-5.62857836283951,-5.5673118500718));
#2966=CARTESIAN_POINT('Ctrl Pts',(5.24647147869208,-6.36728193632909,-5.60096777510769));
#2967=CARTESIAN_POINT('Ctrl Pts',(4.0610392763558,-7.34283902456451,-5.64541493552251));
#2968=CARTESIAN_POINT('Ctrl Pts',(2.59781419478857,-7.97930184399645,-5.68986209593733));
#2969=CARTESIAN_POINT('Ctrl Pts',(1.07499894014578,-8.17965916278482,-5.73430925635214));
#2970=CARTESIAN_POINT('Origin',(0.,0.,-2.18748029928766));
#2971=CARTESIAN_POINT('Origin',(0.,0.,-5.5));
#2972=CARTESIAN_POINT('Origin',(9.7537112682407E-16,-3.91124051296415E-16,
-5.5));
#2973=CARTESIAN_POINT('Origin',(0.,0.,-5.5));
#2974=CARTESIAN_POINT('Ctrl Pts',(-7.85737757643752,3.50000004911384,-7.4125620472659));
#2975=CARTESIAN_POINT('Ctrl Pts',(-7.26101659635042,4.8388095710123,-7.45323938862995));
#2976=CARTESIAN_POINT('Ctrl Pts',(-5.36985015860634,7.20364224153059,-7.53459407135804));
#2977=CARTESIAN_POINT('Ctrl Pts',(-2.56337873445652,8.34059527496284,-7.61594875408614));
#2978=CARTESIAN_POINT('Ctrl Pts',(-1.11000814900277,8.52972828592139,-7.65662609545018));
#2979=CARTESIAN_POINT('Ctrl Pts',(-7.75030328159276,3.4523047419239,-7.34488697321239));
#2980=CARTESIAN_POINT('Ctrl Pts',(-7.16206905000343,4.77286999795959,-7.38556431457643));
#2981=CARTESIAN_POINT('Ctrl Pts',(-5.29667397309643,7.10547654873777,-7.46691899730453));
#2982=CARTESIAN_POINT('Ctrl Pts',(-2.52844698175125,8.22693606119026,-7.54827368003262));
#2983=CARTESIAN_POINT('Ctrl Pts',(-1.09488181217217,8.41349171302571,-7.58895102139667));
#2984=CARTESIAN_POINT('Ctrl Pts',(-7.643228986748,3.40460943473397,-7.27721189915887));
#2985=CARTESIAN_POINT('Ctrl Pts',(-7.06312150365644,4.70693042490688,-7.31788924052292));
#2986=CARTESIAN_POINT('Ctrl Pts',(-5.22349778758652,7.00731085594494,-7.39924392325102));
#2987=CARTESIAN_POINT('Ctrl Pts',(-2.49351522904599,8.11327684741768,-7.48059860597911));
#2988=CARTESIAN_POINT('Ctrl Pts',(-1.07975547534157,8.29725514013003,-7.52127594734316));
#2989=CARTESIAN_POINT('Ctrl Pts',(-7.53615469190323,3.35691412754403,-7.20953682510536));
#2990=CARTESIAN_POINT('Ctrl Pts',(-6.96417395730946,4.64099085185417,-7.25021416646941));
#2991=CARTESIAN_POINT('Ctrl Pts',(-5.15032160207661,6.90914516315211,-7.3315688491975));
#2992=CARTESIAN_POINT('Ctrl Pts',(-2.45858347634073,7.9996176336451,-7.4129235319256));
#2993=CARTESIAN_POINT('Ctrl Pts',(-1.06462913851097,8.18101856723435,-7.45360087328964));
#2994=CARTESIAN_POINT('',(-7.47077637941194,3.50000004206777,-7.21408915010357));
#2995=CARTESIAN_POINT('Ctrl Pts',(-1.07499996838207,8.17966214020687,-7.45329821345577));
#2996=CARTESIAN_POINT('Ctrl Pts',(-2.46525808716076,7.99691126845068,-7.41272175870302));
#2997=CARTESIAN_POINT('Ctrl Pts',(-3.80724619373632,7.45229890933192,-7.37214530395026));
#2998=CARTESIAN_POINT('Ctrl Pts',(-4.93085015945085,6.61472470295089,-7.33156884919751));
#2999=CARTESIAN_POINT('Ctrl Pts',(-6.01522825176425,5.80639085241236,-7.29240894949953));
#3000=CARTESIAN_POINT('Ctrl Pts',(-6.89620395964866,4.72519314809341,-7.25324904980155));
#3001=CARTESIAN_POINT('Ctrl Pts',(-7.47075023813705,3.49998533746733,-7.21408915010357));
#3002=CARTESIAN_POINT('',(-7.85737757643748,3.50000004911392,-7.4125620472659));
#3003=CARTESIAN_POINT('Ctrl Pts',(-7.47075024456262,3.49998532537903,-7.21408915010357));
#3004=CARTESIAN_POINT('Ctrl Pts',(-7.59976031635797,3.49999514513374,-7.27994557497756));
#3005=CARTESIAN_POINT('Ctrl Pts',(-7.72875152653806,3.50000004680579,-7.34617802882907));
#3006=CARTESIAN_POINT('Ctrl Pts',(-7.85737757643748,3.50000004911392,-7.4125620472659));
#3007=CARTESIAN_POINT('',(-6.0827869469271,6.08178310043964,-7.5));
#3008=CARTESIAN_POINT('Ctrl Pts',(-7.85737757643752,3.50000004911384,-7.4125620472659));
#3009=CARTESIAN_POINT('Ctrl Pts',(-7.4300751238457,4.4592790954675,-7.4417080315106));
#3010=CARTESIAN_POINT('Ctrl Pts',(-6.82348343233518,5.33826653295286,-7.4708540157553));
#3011=CARTESIAN_POINT('Ctrl Pts',(-6.0818909566095,6.08157172739047,-7.5));
#3012=CARTESIAN_POINT('Ctrl Pts',(-1.07499999999999,8.26071224396235,-7.5));
#3013=CARTESIAN_POINT('Ctrl Pts',(-1.29005068695356,8.24351245821286,-7.5));
#3014=CARTESIAN_POINT('Ctrl Pts',(-1.50442358322493,8.21777437215774,-7.5));
#3015=CARTESIAN_POINT('Ctrl Pts',(-1.71767327094837,8.18369654165436,-7.5));
#3016=CARTESIAN_POINT('Ctrl Pts',(-1.8682831012064,8.15962871617491,-7.5));
#3017=CARTESIAN_POINT('Ctrl Pts',(-2.01833272892841,8.13139986596135,-7.5));
#3018=CARTESIAN_POINT('Ctrl Pts',(-2.16766319359017,8.09906444122223,-7.5));
#3019=CARTESIAN_POINT('Ctrl Pts',(-2.2482290095809,8.08161903994115,-7.5));
#3020=CARTESIAN_POINT('Ctrl Pts',(-2.32858545233243,8.06297810088962,-7.5));
#3021=CARTESIAN_POINT('Ctrl Pts',(-2.40870714957655,8.04314867744374,-7.5));
#3022=CARTESIAN_POINT('Ctrl Pts',(-2.45949169263659,8.03057994458509,-7.5));
#3023=CARTESIAN_POINT('Ctrl Pts',(-2.51018191878197,8.01753370964881,-7.5));
#3024=CARTESIAN_POINT('Ctrl Pts',(-2.56077128831664,8.00401155521595,-7.5));
#3025=CARTESIAN_POINT('Ctrl Pts',(-2.58861009471273,7.99657045360157,-7.5));
#3026=CARTESIAN_POINT('Ctrl Pts',(-2.6164098986858,7.9889874764208,-7.5));
#3027=CARTESIAN_POINT('Ctrl Pts',(-2.64416511494919,7.98126444288709,-7.5));
#3028=CARTESIAN_POINT('Ctrl Pts',(-2.86283501042627,7.92041840517094,-7.5));
#3029=CARTESIAN_POINT('Ctrl Pts',(-3.07883267393911,7.85085847745878,-7.5));
#3030=CARTESIAN_POINT('Ctrl Pts',(-3.2916506777293,7.77284483109101,-7.5));
#3031=CARTESIAN_POINT('Ctrl Pts',(-3.49786031939653,7.69725364154808,-7.5));
#3032=CARTESIAN_POINT('Ctrl Pts',(-3.70108535597798,7.61372509590334,-7.5));
#3033=CARTESIAN_POINT('Ctrl Pts',(-3.90085582369481,7.52244314784754,-7.5));
#3034=CARTESIAN_POINT('Ctrl Pts',(-4.00554256288589,7.4746082020811,-7.5));
#3035=CARTESIAN_POINT('Ctrl Pts',(-4.10928043428975,7.42464323030955,-7.5));
#3036=CARTESIAN_POINT('Ctrl Pts',(-4.21199995257272,7.3725692935049,-7.5));
#3037=CARTESIAN_POINT('Ctrl Pts',(-4.27077661381404,7.34277230658137,-7.5));
#3038=CARTESIAN_POINT('Ctrl Pts',(-4.32921981935734,7.31228473733304,-7.5));
#3039=CARTESIAN_POINT('Ctrl Pts',(-4.38731629568525,7.28111000247252,-7.5));
#3040=CARTESIAN_POINT('Ctrl Pts',(-4.42246009694138,7.26225173850541,-7.5));
#3041=CARTESIAN_POINT('Ctrl Pts',(-4.45747936831444,7.24314061846149,-7.5));
#3042=CARTESIAN_POINT('Ctrl Pts',(-4.49234968914136,7.22378949836859,-7.5));
#3043=CARTESIAN_POINT('Ctrl Pts',(-4.68620584603966,7.11620993833228,-7.5));
#3044=CARTESIAN_POINT('Ctrl Pts',(-4.87559988147435,7.00114316778144,-7.5));
#3045=CARTESIAN_POINT('Ctrl Pts',(-5.06006158989403,6.87879035002339,-7.5));
#3046=CARTESIAN_POINT('Ctrl Pts',(-5.07514472779234,6.86878575645054,-7.5));
#3047=CARTESIAN_POINT('Ctrl Pts',(-5.0901948789797,6.85873242038545,-7.5));
#3048=CARTESIAN_POINT('Ctrl Pts',(-5.10521178129488,6.84863043724859,-7.5));
#3049=CARTESIAN_POINT('Ctrl Pts',(-5.28789402839476,6.7257387155824,-7.5));
#3050=CARTESIAN_POINT('Ctrl Pts',(-5.46565787162308,6.59565161772433,-7.5));
#3051=CARTESIAN_POINT('Ctrl Pts',(-5.63821827576253,6.45878345199511,-7.5));
#3052=CARTESIAN_POINT('Ctrl Pts',(-5.79021779088612,6.33822337953558,-7.5));
#3053=CARTESIAN_POINT('Ctrl Pts',(-5.9381798701007,6.2124009950124,-7.5));
#3054=CARTESIAN_POINT('Ctrl Pts',(-6.08189095660946,6.08157172739052,-7.5));
#3055=CARTESIAN_POINT('Origin',(0.,0.,-7.5));
#3056=CARTESIAN_POINT('Origin',(0.,0.,-7.5));
#3057=CARTESIAN_POINT('',(-7.85737757508327,3.50000005215406,-7.49999958955781));
#3058=CARTESIAN_POINT('Origin',(0.,0.,-7.5));
#3059=CARTESIAN_POINT('',(0.,3.50000005215408,-7.5));
#3060=CARTESIAN_POINT('',(-7.5410414408371,-3.5,-7.50000011175871));
#3061=CARTESIAN_POINT('',(0.,-3.5,-7.5));
#3062=CARTESIAN_POINT('',(-6.86191732646011,-4.58002080833991,-7.5));
#3063=CARTESIAN_POINT('Ctrl Pts',(-7.54102385465336,-3.49999008229947,-7.5));
#3064=CARTESIAN_POINT('Ctrl Pts',(-7.44202356970856,-3.68806156677308,-7.5));
#3065=CARTESIAN_POINT('Ctrl Pts',(-7.3355713144904,-3.87246652155393,-7.5));
#3066=CARTESIAN_POINT('Ctrl Pts',(-7.22192740572243,-4.05280370210305,-7.5));
#3067=CARTESIAN_POINT('Ctrl Pts',(-7.20583139655264,-4.07834584460097,-7.5));
#3068=CARTESIAN_POINT('Ctrl Pts',(-7.1895889340725,-4.10380953900036,-7.5));
#3069=CARTESIAN_POINT('Ctrl Pts',(-7.17321456707794,-4.12917239820214,-7.5));
#3070=CARTESIAN_POINT('Ctrl Pts',(-7.07397971384689,-4.28288091171249,-7.5));
#3071=CARTESIAN_POINT('Ctrl Pts',(-6.96979968510841,-4.43305222887855,-7.5));
#3072=CARTESIAN_POINT('Ctrl Pts',(-6.86090767175364,-4.5794842188309,-7.5));
#3073=CARTESIAN_POINT('Origin',(0.,0.,-7.5));
#3074=CARTESIAN_POINT('Origin',(0.,0.,-0.5));
#3075=CARTESIAN_POINT('',(-7.47077639505765,3.50000000842165,-6.24510019125747));
#3076=CARTESIAN_POINT('Ctrl Pts',(-7.4707500841742,3.49998521055633,-6.24510019153032));
#3077=CARTESIAN_POINT('Ctrl Pts',(-6.89380552269344,4.73029963385574,-6.28442335132029));
#3078=CARTESIAN_POINT('Ctrl Pts',(-6.00783504298181,5.81538455561356,-6.32374651111025));
#3079=CARTESIAN_POINT('Ctrl Pts',(-4.91728296714237,6.62484542634992,-6.36306967090022));
#3080=CARTESIAN_POINT('Ctrl Pts',(-3.79650086066254,7.45674449831177,-6.40348286605086));
#3081=CARTESIAN_POINT('Ctrl Pts',(-2.45963798230463,7.99752717065538,-6.4438960612015));
#3082=CARTESIAN_POINT('Ctrl Pts',(-1.07499944982271,8.17965980872011,-6.48430925635215));
#3083=CARTESIAN_POINT('',(-7.47077638652508,3.50000002607704,-6.75));
#3084=CARTESIAN_POINT('Origin',(0.,0.,-0.5));
#3085=CARTESIAN_POINT('Ctrl Pts',(1.07500159748518,8.17966292247618,-6.54670178654423));
#3086=CARTESIAN_POINT('Ctrl Pts',(1.93624504951207,8.06650892911493,-6.57183630274845));
#3087=CARTESIAN_POINT('Ctrl Pts',(2.78141830608487,7.81812254770679,-6.59697081895267));
#3088=CARTESIAN_POINT('Ctrl Pts',(3.56421406279362,7.44251721635279,-6.62210533515689));
#3089=CARTESIAN_POINT('Ctrl Pts',(5.15642807692587,6.67853240008465,-6.67322918016476));
#3090=CARTESIAN_POINT('Ctrl Pts',(6.49057422985242,5.38821801964796,-6.72435302517262));
#3091=CARTESIAN_POINT('Ctrl Pts',(7.3120527962391,3.82457134243449,-6.77547687018049));
#3092=CARTESIAN_POINT('Ctrl Pts',(7.72279207943245,3.04274800382775,-6.80103879268442));
#3093=CARTESIAN_POINT('Ctrl Pts',(8.00536446599082,2.19259159102682,-6.82660071518836));
#3094=CARTESIAN_POINT('Ctrl Pts',(8.14503094700721,1.31988499458662,-6.85216263769229));
#3095=CARTESIAN_POINT('Ctrl Pts',(8.42436390903998,-0.425528198293754,-6.90328648270015));
#3096=CARTESIAN_POINT('Ctrl Pts',(8.13207324890479,-2.26114212573117,-6.95441032770802));
#3097=CARTESIAN_POINT('Ctrl Pts',(7.3148531706352,-3.82448753608299,-7.00553417271589));
#3098=CARTESIAN_POINT('Ctrl Pts',(6.4976330923656,-5.38783294643482,-7.05665801772375));
#3099=CARTESIAN_POINT('Ctrl Pts',(5.15548359596159,-6.67890983970104,-7.10778186273162));
#3100=CARTESIAN_POINT('Ctrl Pts',(3.56280009076042,-7.4428116286763,-7.15890570773949));
#3101=CARTESIAN_POINT('Ctrl Pts',(2.77977351356315,-7.81837614050981,-7.18404022394371));
#3102=CARTESIAN_POINT('Ctrl Pts',(1.93619044154833,-8.06651732716597,-7.20917474014793));
#3103=CARTESIAN_POINT('Ctrl Pts',(1.07500023118724,-8.17966313241657,-7.23430925635215));
#3104=CARTESIAN_POINT('Origin',(0.,0.,-0.5));
#3105=CARTESIAN_POINT('Ctrl Pts',(-1.0749994472401,-8.17965980524069,-7.29670178654423));
#3106=CARTESIAN_POINT('Ctrl Pts',(-2.45963781772244,-7.99752694858606,-7.33711498170148));
#3107=CARTESIAN_POINT('Ctrl Pts',(-3.7964929455808,-7.4567338338928,-7.37752817685873));
#3108=CARTESIAN_POINT('Ctrl Pts',(-4.91727505217437,-6.62483476170221,-7.41794137201598));
#3109=CARTESIAN_POINT('Ctrl Pts',(-5.67585436913795,-6.06178024267267,-7.44529424801065));
#3110=CARTESIAN_POINT('Ctrl Pts',(-6.33545078885223,-5.36537029171113,-7.47264712400533));
#3111=CARTESIAN_POINT('Ctrl Pts',(-6.86090767175378,-4.57948421883071,-7.5));
#3112=CARTESIAN_POINT('Ctrl Pts',(1.03105218184882,8.18531803892217,-6.5454195676451));
#3113=CARTESIAN_POINT('Ctrl Pts',(1.90748308335995,8.07491964157879,-6.57098149014903));
#3114=CARTESIAN_POINT('Ctrl Pts',(4.48935500046259,7.32368959030298,-6.64766725766083));
#3115=CARTESIAN_POINT('Ctrl Pts',(7.15764730631569,4.74306082942961,-6.74991494767656));
#3116=CARTESIAN_POINT('Ctrl Pts',(8.57050923910756,0.492278765424957,-6.87772456019623));
#3117=CARTESIAN_POINT('Ctrl Pts',(7.83978258876959,-4.09675605316858,-7.00553417271589));
#3118=CARTESIAN_POINT('Ctrl Pts',(4.48440884775959,-7.32444828633415,-7.13334378523556));
#3119=CARTESIAN_POINT('Ctrl Pts',(1.90748308335996,-8.07491964157879,-7.21002955274736));
#3120=CARTESIAN_POINT('Ctrl Pts',(1.03105218184883,-8.18531803892216,-7.23559147525129));
#3121=CARTESIAN_POINT('Ctrl Pts',(1.04570145456588,8.30161569905902,-6.47774449359159));
#3122=CARTESIAN_POINT('Ctrl Pts',(1.93458475714838,8.18964875236511,-6.50330641609552));
#3123=CARTESIAN_POINT('Ctrl Pts',(4.55314011908533,7.4277451638153,-6.57999218360732));
#3124=CARTESIAN_POINT('Ctrl Pts',(7.25934373763957,4.81045062097179,-6.68223987362305));
#3125=CARTESIAN_POINT('Ctrl Pts',(8.69227972694321,0.499273101904215,-6.81004948614272));
#3126=CARTESIAN_POINT('Ctrl Pts',(7.95117085330861,-4.15496309422299,-6.93785909866238));
#3127=CARTESIAN_POINT('Ctrl Pts',(4.54812369104503,-7.428514639461,-7.06566871118205));
#3128=CARTESIAN_POINT('Ctrl Pts',(1.93458475714838,-8.18964875236511,-7.14235447869385));
#3129=CARTESIAN_POINT('Ctrl Pts',(1.04570145456589,-8.30161569905902,-7.16791640119778));
#3130=CARTESIAN_POINT('Ctrl Pts',(1.06035072728294,8.41791335919587,-6.41006941953807));
#3131=CARTESIAN_POINT('Ctrl Pts',(1.9616864309368,8.30437786315142,-6.43563134204201));
#3132=CARTESIAN_POINT('Ctrl Pts',(4.61692523770807,7.53180073732763,-6.51231710955381));
#3133=CARTESIAN_POINT('Ctrl Pts',(7.36104016896345,4.87784041251397,-6.61456479956954));
#3134=CARTESIAN_POINT('Ctrl Pts',(8.81405021477886,0.506267438383478,-6.7423744120892));
#3135=CARTESIAN_POINT('Ctrl Pts',(8.06255911784765,-4.21317013527741,-6.87018402460887));
#3136=CARTESIAN_POINT('Ctrl Pts',(4.61183853433047,-7.53258099258785,-6.99799363712853));
#3137=CARTESIAN_POINT('Ctrl Pts',(1.96168643093681,-8.30437786315142,-7.07467940464033));
#3138=CARTESIAN_POINT('Ctrl Pts',(1.06035072728294,-8.41791335919587,-7.10024132714427));
#3139=CARTESIAN_POINT('Ctrl Pts',(1.07499999999999,8.53421101933272,-6.34239434548456));
#3140=CARTESIAN_POINT('Ctrl Pts',(1.98878810472523,8.41910697393774,-6.36795626798849));
#3141=CARTESIAN_POINT('Ctrl Pts',(4.6807103563308,7.63585631083996,-6.44464203550029));
#3142=CARTESIAN_POINT('Ctrl Pts',(7.46273660028733,4.94523020405615,-6.54688972551602));
#3143=CARTESIAN_POINT('Ctrl Pts',(8.9358207026145,0.513261774862738,-6.67469933803569));
#3144=CARTESIAN_POINT('Ctrl Pts',(8.17394738238667,-4.27137717633182,-6.80250895055535));
#3145=CARTESIAN_POINT('Ctrl Pts',(4.67555337761592,-7.6366473457147,-6.93031856307502));
#3146=CARTESIAN_POINT('Ctrl Pts',(1.98878810472524,-8.41910697393774,-7.00700433058682));
#3147=CARTESIAN_POINT('Ctrl Pts',(1.075,-8.53421101933272,-7.03256625309075));
#3148=CARTESIAN_POINT('Ctrl Pts',(1.07499999999999,8.53421101933272,-6.34239434548456));
#3149=CARTESIAN_POINT('Ctrl Pts',(1.98878810472523,8.41910697393774,-6.36795626798849));
#3150=CARTESIAN_POINT('Ctrl Pts',(4.6807103563308,7.63585631083996,-6.44464203550029));
#3151=CARTESIAN_POINT('Ctrl Pts',(7.46273660028733,4.94523020405615,-6.54688972551602));
#3152=CARTESIAN_POINT('Ctrl Pts',(8.9358207026145,0.513261774862738,-6.67469933803569));
#3153=CARTESIAN_POINT('Ctrl Pts',(8.17394738238667,-4.27137717633182,-6.80250895055535));
#3154=CARTESIAN_POINT('Ctrl Pts',(4.67555337761592,-7.6366473457147,-6.93031856307502));
#3155=CARTESIAN_POINT('Ctrl Pts',(1.98878810472524,-8.41910697393774,-7.00700433058682));
#3156=CARTESIAN_POINT('Ctrl Pts',(1.075,-8.53421101933272,-7.03256625309075));
#3157=CARTESIAN_POINT('Ctrl Pts',(-7.53615471232881,3.35691408168932,-6.24054786654915));
#3158=CARTESIAN_POINT('Ctrl Pts',(-6.96187831872997,4.64614450120043,-6.28138846799951));
#3159=CARTESIAN_POINT('Ctrl Pts',(-5.13795840905717,6.92215202876548,-6.36306967090022));
#3160=CARTESIAN_POINT('Ctrl Pts',(-2.43133673172513,8.00893314666827,-6.44475087380093));
#3161=CARTESIAN_POINT('Ctrl Pts',(-1.03105218184883,8.18531803892216,-6.48559147525129));
#3162=CARTESIAN_POINT('Ctrl Pts',(-7.64322900746378,3.40460938822775,-6.17287279249564));
#3163=CARTESIAN_POINT('Ctrl Pts',(-7.06079324845852,4.7121572977195,-6.213713393946));
#3164=CARTESIAN_POINT('Ctrl Pts',(-5.21095893732161,7.02050252415601,-6.29539459684671));
#3165=CARTESIAN_POINT('Ctrl Pts',(-2.46588136048114,8.12272471600265,-6.37707579974742));
#3166=CARTESIAN_POINT('Ctrl Pts',(-1.04570145456589,8.30161569905902,-6.41791640119778));
#3167=CARTESIAN_POINT('Ctrl Pts',(-7.75030330259875,3.45230469476618,-6.10519771844213));
#3168=CARTESIAN_POINT('Ctrl Pts',(-7.15970817818707,4.77817009423858,-6.14603831989248));
#3169=CARTESIAN_POINT('Ctrl Pts',(-5.28395946558605,7.11885301954653,-6.2277195227932));
#3170=CARTESIAN_POINT('Ctrl Pts',(-2.50042598923714,8.23651628533703,-6.30940072569391));
#3171=CARTESIAN_POINT('Ctrl Pts',(-1.06035072728294,8.41791335919587,-6.35024132714427));
#3172=CARTESIAN_POINT('Ctrl Pts',(-7.85737759773372,3.5000000013046,-6.03752264438862));
#3173=CARTESIAN_POINT('Ctrl Pts',(-7.25862310791561,4.84418289075766,-6.07836324583897));
#3174=CARTESIAN_POINT('Ctrl Pts',(-5.3569599938505,7.21720351493705,-6.16004444873968));
#3175=CARTESIAN_POINT('Ctrl Pts',(-2.53497061799315,8.35030785467142,-6.2417256516404));
#3176=CARTESIAN_POINT('Ctrl Pts',(-1.075,8.53421101933272,-6.28256625309075));
#3177=CARTESIAN_POINT('',(-7.85737759773371,3.50000000130463,-6.03752264438862));
#3178=CARTESIAN_POINT('Ctrl Pts',(-7.85737759773372,3.5000000013046,-6.03752264438862));
#3179=CARTESIAN_POINT('Ctrl Pts',(-7.25862310791561,4.84418289075766,-6.07836324583897));
#3180=CARTESIAN_POINT('Ctrl Pts',(-5.3569599938505,7.21720351493705,-6.16004444873968));
#3181=CARTESIAN_POINT('Ctrl Pts',(-2.53497061799315,8.35030785467142,-6.2417256516404));
#3182=CARTESIAN_POINT('Ctrl Pts',(-1.075,8.53421101933272,-6.28256625309075));
#3183=CARTESIAN_POINT('Ctrl Pts',(-7.85737759773371,3.50000000130463,-6.03752264438862));
#3184=CARTESIAN_POINT('Ctrl Pts',(-7.7287062100768,3.50000000371461,-6.10683627672449));
#3185=CARTESIAN_POINT('Ctrl Pts',(-7.59970974362403,3.49999517543215,-6.17610364827472));
#3186=CARTESIAN_POINT('Ctrl Pts',(-7.47075008459915,3.49998521076415,-6.24510019125747));
#3187=CARTESIAN_POINT('Origin',(0.,0.,-2.18748029928766));
#3188=CARTESIAN_POINT('Ctrl Pts',(1.07499999999996,8.53421101933272,-6.21743374690925));
#3189=CARTESIAN_POINT('Ctrl Pts',(1.98878810472521,8.41910697393774,-6.24299566941318));
#3190=CARTESIAN_POINT('Ctrl Pts',(4.67635535294938,7.63579031745521,-6.31968143692498));
#3191=CARTESIAN_POINT('Ctrl Pts',(8.17171787802034,4.27376633654474,-6.44749104944464));
#3192=CARTESIAN_POINT('Ctrl Pts',(8.93877739026623,-0.516385157812791,-6.57530066196431));
#3193=CARTESIAN_POINT('Ctrl Pts',(7.75205904402877,-4.05294928532708,-6.67754835198004));
#3194=CARTESIAN_POINT('Ctrl Pts',(5.52198874869051,-7.04789475249821,-6.77979604199578));
#3195=CARTESIAN_POINT('Ctrl Pts',(2.90257620945048,-8.30400292854275,-6.85648180950757));
#3196=CARTESIAN_POINT('Ctrl Pts',(1.075,-8.53421101933272,-6.90760565451544));
#3197=CARTESIAN_POINT('Origin',(0.,0.,-2.18748029928766));
#3198=CARTESIAN_POINT('',(-7.85737759831485,3.5,-5.91256204577366));
#3199=CARTESIAN_POINT('Ctrl Pts',(-7.85737759831486,3.49999999999997,-5.91256204577366));
#3200=CARTESIAN_POINT('Ctrl Pts',(-7.25862310862308,4.84418288976988,-5.95340264723063));
#3201=CARTESIAN_POINT('Ctrl Pts',(-5.35696192648776,7.21720611744476,-6.03508385014455));
#3202=CARTESIAN_POINT('Ctrl Pts',(-2.53497061822932,8.35030785464167,-6.11676505305848));
#3203=CARTESIAN_POINT('Ctrl Pts',(-1.075,8.53421101933272,-6.15760565451544));
#3204=CARTESIAN_POINT('',(-7.85737759831485,3.5,-6.));
#3205=CARTESIAN_POINT('',(-7.85737759831485,3.5,-2.18748029928766));
#3206=CARTESIAN_POINT('',(-7.85737758669906,3.50000002607703,-6.7499997947789));
#3207=CARTESIAN_POINT('Origin',(0.,0.,-0.5));
#3208=CARTESIAN_POINT('',(-7.39732518991824,-3.65257358946972,-5.5));
#3209=CARTESIAN_POINT('Origin',(0.,0.,-5.5));
#3210=CARTESIAN_POINT('',(-7.47076365235047,-3.49999683713913,-5.504899808873));
#3211=CARTESIAN_POINT('Ctrl Pts',(-7.47076365235047,-3.49999683713913,-5.504899808873));
#3212=CARTESIAN_POINT('Ctrl Pts',(-7.44681003470196,-3.55110553697597,-5.50326653924867));
#3213=CARTESIAN_POINT('Ctrl Pts',(-7.42232807769756,-3.60196775403386,-5.50163326962433));
#3214=CARTESIAN_POINT('Ctrl Pts',(-7.39732450577954,-3.65257343603865,-5.5));
#3215=CARTESIAN_POINT('',(-7.47077639874197,-3.5,-5.));
#3216=CARTESIAN_POINT('',(-7.47077639874197,-3.5,-0.5));
#3217=CARTESIAN_POINT('Ctrl Pts',(-7.47077639874197,-3.5,-5.));
#3218=CARTESIAN_POINT('Ctrl Pts',(-7.47077639874197,-3.5,-4.81093079476578));
#3219=CARTESIAN_POINT('Ctrl Pts',(-7.48889430691891,-3.46204617014364,-4.61093267266354));
#3220=CARTESIAN_POINT('Ctrl Pts',(-7.55660756050468,-3.3116436336011,-4.2459816469944));
#3221=CARTESIAN_POINT('Ctrl Pts',(-7.60563789650545,-3.19931166347699,-4.0808760460748));
#3222=CARTESIAN_POINT('Ctrl Pts',(-7.71041425057159,-2.93816301999734,-3.81406148493998));
#3223=CARTESIAN_POINT('Ctrl Pts',(-7.77392514051016,-2.76894772314956,-3.69631318722218));
#3224=CARTESIAN_POINT('Ctrl Pts',(-7.89674734997195,-2.39632319869445,-3.53924406989006));
#3225=CARTESIAN_POINT('Ctrl Pts',(-7.95573505220943,-2.19277503787734,-3.5));
#3226=CARTESIAN_POINT('Ctrl Pts',(-8.00390529679106,-2.,-3.5));
#3227=CARTESIAN_POINT('',(-8.25,1.01033360929657E-15,-0.5));
#3228=CARTESIAN_POINT('',(-8.25,1.01033360929657E-15,-0.5));
#3229=CARTESIAN_POINT('Origin',(0.,0.,-0.5));
#3230=CARTESIAN_POINT('',(-7.47077639874197,3.5,-5.));
#3231=CARTESIAN_POINT('Ctrl Pts',(-8.00390529679106,2.,-3.5));
#3232=CARTESIAN_POINT('Ctrl Pts',(-7.95573505220942,2.19277503787734,-3.5));
#3233=CARTESIAN_POINT('Ctrl Pts',(-7.89674734997195,2.39632319869445,-3.53924406989006));
#3234=CARTESIAN_POINT('Ctrl Pts',(-7.77392514051016,2.76894772314956,-3.69631318722218));
#3235=CARTESIAN_POINT('Ctrl Pts',(-7.71041425057159,2.93816301999734,-3.81406148493998));
#3236=CARTESIAN_POINT('Ctrl Pts',(-7.60563789650545,3.19931166347699,-4.0808760460748));
#3237=CARTESIAN_POINT('Ctrl Pts',(-7.55660756050468,3.3116436336011,-4.2459816469944));
#3238=CARTESIAN_POINT('Ctrl Pts',(-7.48889430691891,3.46204617014364,-4.61093267266354));
#3239=CARTESIAN_POINT('Ctrl Pts',(-7.47077639874197,3.5,-4.81093079476578));
#3240=CARTESIAN_POINT('Ctrl Pts',(-7.47077639874197,3.5,-5.));
#3241=CARTESIAN_POINT('',(-7.47075009257074,3.49998520728513,-5.71408914875463));
#3242=CARTESIAN_POINT('',(-7.47077639874197,3.5,-0.5));
#3243=CARTESIAN_POINT('Ctrl Pts',(-1.07499945012503,8.17965980912737,-5.95329821345577));
#3244=CARTESIAN_POINT('Ctrl Pts',(-2.45963800182138,7.99752719661467,-5.91288501829852));
#3245=CARTESIAN_POINT('Ctrl Pts',(-3.79650178758896,7.45674574635292,-5.87247182314127));
#3246=CARTESIAN_POINT('Ctrl Pts',(-4.91728389418253,6.62484667416233,-5.83205862798402));
#3247=CARTESIAN_POINT('Ctrl Pts',(-6.00783596865551,5.8153858042998,-5.79273546824089));
#3248=CARTESIAN_POINT('Ctrl Pts',(-6.89380558854256,4.73029972689961,-5.75341230849776));
#3249=CARTESIAN_POINT('Ctrl Pts',(-7.47075008614516,3.49998521937339,-5.71408914875463));
#3250=CARTESIAN_POINT('Ctrl Pts',(1.07499854218423,-8.17965829510451,-6.70329821345577));
#3251=CARTESIAN_POINT('Ctrl Pts',(2.81189055856617,-7.95106238379525,-6.65260177474762));
#3252=CARTESIAN_POINT('Ctrl Pts',(4.4694263561065,-7.15110719294691,-6.60190533603947));
#3253=CARTESIAN_POINT('Ctrl Pts',(5.73006020099712,-5.93612436777794,-6.55120889733131));
#3254=CARTESIAN_POINT('Ctrl Pts',(6.36569113425529,-5.32351137933179,-6.52564697482738));
#3255=CARTESIAN_POINT('Ctrl Pts',(6.90041644674013,-4.60538462155387,-6.50008505232344));
#3256=CARTESIAN_POINT('Ctrl Pts',(7.31005451462535,-3.82232331709259,-6.47452312981951));
#3257=CARTESIAN_POINT('Ctrl Pts',(7.71969258251058,-3.03926201263131,-6.44896120731558));
#3258=CARTESIAN_POINT('Ctrl Pts',(8.0042434057962,-2.19126616148667,-6.42339928481164));
#3259=CARTESIAN_POINT('Ctrl Pts',(8.14489723318296,-1.31964746074567,-6.39783736230771));
#3260=CARTESIAN_POINT('Ctrl Pts',(8.42620488795646,0.423589940736318,-6.34671351729985));
#3261=CARTESIAN_POINT('Ctrl Pts',(8.13192455913449,2.26131874060376,-6.29558967229198));
#3262=CARTESIAN_POINT('Ctrl Pts',(7.31429115605802,3.82509889141112,-6.24446582728412));
#3263=CARTESIAN_POINT('Ctrl Pts',(6.49665775298154,5.38887904221849,-6.19334198227625));
#3264=CARTESIAN_POINT('Ctrl Pts',(5.15567127565054,6.67871054396577,-6.14221813726838));
#3265=CARTESIAN_POINT('Ctrl Pts',(3.56303358159572,7.44256253198793,-6.09109429226052));
#3266=CARTESIAN_POINT('Ctrl Pts',(2.78002952698062,7.81810255969154,-6.0659597760563));
#3267=CARTESIAN_POINT('Ctrl Pts',(1.93619893757876,8.06650824802956,-6.04082525985207));
#3268=CARTESIAN_POINT('Ctrl Pts',(1.07500044372738,8.17966290528821,-6.01569074364785));
#3269=CARTESIAN_POINT('Ctrl Pts',(1.07499999999996,8.53421101933272,-6.21743374690925));
#3270=CARTESIAN_POINT('Ctrl Pts',(1.98878810472521,8.41910697393774,-6.24299566941318));
#3271=CARTESIAN_POINT('Ctrl Pts',(4.67635535294938,7.63579031745521,-6.31968143692498));
#3272=CARTESIAN_POINT('Ctrl Pts',(8.17171787802034,4.27376633654474,-6.44749104944464));
#3273=CARTESIAN_POINT('Ctrl Pts',(8.93877739026623,-0.516385157812791,-6.57530066196431));
#3274=CARTESIAN_POINT('Ctrl Pts',(7.75205904402877,-4.05294928532708,-6.67754835198004));
#3275=CARTESIAN_POINT('Ctrl Pts',(5.52198874869051,-7.04789475249821,-6.77979604199578));
#3276=CARTESIAN_POINT('Ctrl Pts',(2.90257620945048,-8.30400292854275,-6.85648180950757));
#3277=CARTESIAN_POINT('Ctrl Pts',(1.075,-8.53421101933272,-6.90760565451544));
#3278=CARTESIAN_POINT('Ctrl Pts',(1.06035072728291,8.41791335919588,-6.14975867285573));
#3279=CARTESIAN_POINT('Ctrl Pts',(1.96168643093679,8.30437786315143,-6.17532059535967));
#3280=CARTESIAN_POINT('Ctrl Pts',(4.61262958096126,7.53173564324995,-6.25200636287147));
#3281=CARTESIAN_POINT('Ctrl Pts',(8.06035999545107,4.21552673785356,-6.37981597539114));
#3282=CARTESIAN_POINT('Ctrl Pts',(8.81696661096663,-0.509348258274336,-6.5076255879108));
#3283=CARTESIAN_POINT('Ctrl Pts',(7.64641994909416,-3.9977188114767,-6.60987327792653));
#3284=CARTESIAN_POINT('Ctrl Pts',(5.44673933555555,-6.95185146662802,-6.71212096794226));
#3285=CARTESIAN_POINT('Ctrl Pts',(2.86302213459069,-8.19084236710698,-6.78880673545406));
#3286=CARTESIAN_POINT('Ctrl Pts',(1.06035072728294,-8.41791335919587,-6.83993058046193));
#3287=CARTESIAN_POINT('Ctrl Pts',(1.04570145456585,8.30161569905903,-6.08208359880222));
#3288=CARTESIAN_POINT('Ctrl Pts',(1.93458475714836,8.18964875236512,-6.10764552130616));
#3289=CARTESIAN_POINT('Ctrl Pts',(4.54890380897315,7.42768096904468,-6.18433128881796));
#3290=CARTESIAN_POINT('Ctrl Pts',(7.94900211288179,4.15728713916238,-6.31214090133762));
#3291=CARTESIAN_POINT('Ctrl Pts',(8.69515583166703,-0.502311358735878,-6.43995051385729));
#3292=CARTESIAN_POINT('Ctrl Pts',(7.54078085415956,-3.94248833762633,-6.54219820387302));
#3293=CARTESIAN_POINT('Ctrl Pts',(5.37148992242059,-6.85580818075783,-6.64444589388875));
#3294=CARTESIAN_POINT('Ctrl Pts',(2.82346805973089,-8.0776818056712,-6.72113166140055));
#3295=CARTESIAN_POINT('Ctrl Pts',(1.04570145456589,-8.30161569905902,-6.77225550640842));
#3296=CARTESIAN_POINT('Ctrl Pts',(1.0310521818488,8.18531803892218,-6.01440852474871));
#3297=CARTESIAN_POINT('Ctrl Pts',(1.90748308335993,8.07491964157881,-6.03997044725264));
#3298=CARTESIAN_POINT('Ctrl Pts',(4.48517803698503,7.32362629483942,-6.11665621476445));
#3299=CARTESIAN_POINT('Ctrl Pts',(7.83764423031253,4.0990475404712,-6.24446582728411));
#3300=CARTESIAN_POINT('Ctrl Pts',(8.57334505236744,-0.495274459197424,-6.37227543980378));
#3301=CARTESIAN_POINT('Ctrl Pts',(7.43514175922495,-3.88725786377595,-6.47452312981951));
#3302=CARTESIAN_POINT('Ctrl Pts',(5.29624050928562,-6.75976489488763,-6.57677081983524));
#3303=CARTESIAN_POINT('Ctrl Pts',(2.7839139848711,-7.96452124423543,-6.65345658734704));
#3304=CARTESIAN_POINT('Ctrl Pts',(1.03105218184883,-8.18531803892217,-6.70458043235491));
#3305=CARTESIAN_POINT('Ctrl Pts',(-7.85737759831486,3.49999999999997,-5.91256204577366));
#3306=CARTESIAN_POINT('Ctrl Pts',(-7.25862310862308,4.84418288976988,-5.95340264723063));
#3307=CARTESIAN_POINT('Ctrl Pts',(-5.35696192648776,7.21720611744476,-6.03508385014455));
#3308=CARTESIAN_POINT('Ctrl Pts',(-2.53497061822932,8.35030785464167,-6.11676505305848));
#3309=CARTESIAN_POINT('Ctrl Pts',(-1.075,8.53421101933272,-6.15760565451544));
#3310=CARTESIAN_POINT('Ctrl Pts',(-7.75030330317197,3.45230469347932,-5.84488697172015));
#3311=CARTESIAN_POINT('Ctrl Pts',(-7.1597081788849,4.77817009326426,-5.88572757317712));
#3312=CARTESIAN_POINT('Ctrl Pts',(-5.28396137188682,7.11885558658927,-5.96740877609104));
#3313=CARTESIAN_POINT('Ctrl Pts',(-2.5004259894701,8.23651628530769,-6.04908997900497));
#3314=CARTESIAN_POINT('Ctrl Pts',(-1.06035072728294,8.41791335919587,-6.08993058046193));
#3315=CARTESIAN_POINT('Ctrl Pts',(-7.64322900802909,3.40460938695867,-5.77721189766664));
#3316=CARTESIAN_POINT('Ctrl Pts',(-7.06079324914671,4.71215729675865,-5.8180524991236));
#3317=CARTESIAN_POINT('Ctrl Pts',(-5.21096081728589,7.02050505573378,-5.89973370203753));
#3318=CARTESIAN_POINT('Ctrl Pts',(-2.46588136071087,8.12272471597372,-5.98141490495145));
#3319=CARTESIAN_POINT('Ctrl Pts',(-1.04570145456589,8.30161569905902,-6.02225550640842));
#3320=CARTESIAN_POINT('Ctrl Pts',(-7.5361547128862,3.35691408043802,-5.70953682361313));
#3321=CARTESIAN_POINT('Ctrl Pts',(-6.96187831940853,4.64614450025303,-5.75037742507009));
#3322=CARTESIAN_POINT('Ctrl Pts',(-5.13796026268495,6.92215452487828,-5.83205862798402));
#3323=CARTESIAN_POINT('Ctrl Pts',(-2.43133673195165,8.00893314663974,-5.91373983089794));
#3324=CARTESIAN_POINT('Ctrl Pts',(-1.03105218184883,8.18531803892217,-5.95458043235491));
#3325=CARTESIAN_POINT('Ctrl Pts',(-7.47075009257074,3.49998520728513,-5.71408914875463));
#3326=CARTESIAN_POINT('Ctrl Pts',(-7.59976027971123,3.49999507496211,-5.77994557356631));
#3327=CARTESIAN_POINT('Ctrl Pts',(-7.72875154772014,3.49999999999999,-5.84617802736948));
#3328=CARTESIAN_POINT('Ctrl Pts',(-7.85737759831485,3.5,-5.91256204577367));
#3329=CARTESIAN_POINT('Ctrl Pts',(-2.22558519182411,-8.30873957206707,-5.5));
#3330=CARTESIAN_POINT('Ctrl Pts',(-3.63415088120961,-7.93144011372961,-5.54047187726686));
#3331=CARTESIAN_POINT('Ctrl Pts',(-5.92480930108101,-6.63085365190951,-5.61129766248387));
#3332=CARTESIAN_POINT('Ctrl Pts',(-7.41236606526988,-4.49903532878265,-5.68212344770088));
#3333=CARTESIAN_POINT('Ctrl Pts',(-7.85737759831485,-3.5,-5.71247735565102));
#3334=CARTESIAN_POINT('Ctrl Pts',(-2.19525662956357,-8.1955144632985,-5.43232492594649));
#3335=CARTESIAN_POINT('Ctrl Pts',(-3.58462746971773,-7.82335655162261,-5.47279680321335));
#3336=CARTESIAN_POINT('Ctrl Pts',(-5.84407055945488,-6.54049348121769,-5.54362258843036));
#3337=CARTESIAN_POINT('Ctrl Pts',(-7.31135604483379,-4.4377259376245,-5.61444837364736));
#3338=CARTESIAN_POINT('Ctrl Pts',(-7.75030330317196,-3.45230469347935,-5.64480228159751));
#3339=CARTESIAN_POINT('Ctrl Pts',(-2.16492806730304,-8.08228935452993,-5.36464985189297));
#3340=CARTESIAN_POINT('Ctrl Pts',(-3.53510405822585,-7.71527298951561,-5.40512172915983));
#3341=CARTESIAN_POINT('Ctrl Pts',(-5.76333181782875,-6.45013331052586,-5.47594751437684));
#3342=CARTESIAN_POINT('Ctrl Pts',(-7.2103460243977,-4.37641654646635,-5.54677329959385));
#3343=CARTESIAN_POINT('Ctrl Pts',(-7.64322900802907,-3.4046093869587,-5.577127207544));
#3344=CARTESIAN_POINT('Ctrl Pts',(-2.1345995050425,-7.96906424576136,-5.29697477783946));
#3345=CARTESIAN_POINT('Ctrl Pts',(-3.48558064673397,-7.6071894274086,-5.33744665510632));
#3346=CARTESIAN_POINT('Ctrl Pts',(-5.68259307620262,-6.35977313983403,-5.40827244032333));
#3347=CARTESIAN_POINT('Ctrl Pts',(-7.10933600396161,-4.3151071553082,-5.47909822554034));
#3348=CARTESIAN_POINT('Ctrl Pts',(-7.53615471288618,-3.35691408043805,-5.50945213349049));
#3349=CARTESIAN_POINT('',(-2.22558519182415,-8.30873957206706,-5.5));
#3350=CARTESIAN_POINT('Ctrl Pts',(-2.22558519182416,-8.30873957206705,-5.5));
#3351=CARTESIAN_POINT('Ctrl Pts',(-2.43597561550566,-8.24140333462008,-5.5));
#3352=CARTESIAN_POINT('Ctrl Pts',(-2.64343831736505,-8.16586024397087,-5.5));
#3353=CARTESIAN_POINT('Ctrl Pts',(-2.84757791787761,-8.0824202911171,-5.5));
#3354=CARTESIAN_POINT('Ctrl Pts',(-3.05268959772415,-7.99858301087758,-5.5));
#3355=CARTESIAN_POINT('Ctrl Pts',(-3.25444703213112,-7.90677310862028,-5.5));
#3356=CARTESIAN_POINT('Ctrl Pts',(-3.45242537996093,-7.80725805190237,-5.5));
#3357=CARTESIAN_POINT('Ctrl Pts',(-3.56404007410464,-7.75115422671129,-5.5));
#3358=CARTESIAN_POINT('Ctrl Pts',(-3.67445314894342,-7.69260058610334,-5.5));
#3359=CARTESIAN_POINT('Ctrl Pts',(-3.78358410804842,-7.63163920421436,-5.5));
#3360=CARTESIAN_POINT('Ctrl Pts',(-3.87181109485664,-7.58235493987875,-5.5));
#3361=CARTESIAN_POINT('Ctrl Pts',(-3.95920004610672,-7.53149691135118,-5.5));
#3362=CARTESIAN_POINT('Ctrl Pts',(-4.04570665112431,-7.47908552511937,-5.5));
#3363=CARTESIAN_POINT('Ctrl Pts',(-4.07249704901332,-7.46285414150676,-5.5));
#3364=CARTESIAN_POINT('Ctrl Pts',(-4.09920172828559,-7.44647436768658,-5.5));
#3365=CARTESIAN_POINT('Ctrl Pts',(-4.12580887966229,-7.42995348218958,-5.5));
#3366=CARTESIAN_POINT('Ctrl Pts',(-4.31254269474397,-7.3140069107695,-5.5));
#3367=CARTESIAN_POINT('Ctrl Pts',(-4.4946166482603,-7.19102820086171,-5.5));
#3368=CARTESIAN_POINT('Ctrl Pts',(-4.67161920235515,-7.06128527722202,-5.5));
#3369=CARTESIAN_POINT('Ctrl Pts',(-4.84772504406104,-6.93219964402428,-5.5));
#3370=CARTESIAN_POINT('Ctrl Pts',(-5.01881124970488,-6.79641773053216,-5.5));
#3371=CARTESIAN_POINT('Ctrl Pts',(-5.18443825233136,-6.65416517895373,-5.5));
#3372=CARTESIAN_POINT('Ctrl Pts',(-5.29982034272719,-6.55506662313264,-5.5));
#3373=CARTESIAN_POINT('Ctrl Pts',(-5.41255235181403,-6.45282703911944,-5.5));
#3374=CARTESIAN_POINT('Ctrl Pts',(-5.52247377562404,-6.34751329826089,-5.5));
#3375=CARTESIAN_POINT('Ctrl Pts',(-5.55158024362032,-6.31962691431843,-5.5));
#3376=CARTESIAN_POINT('Ctrl Pts',(-5.58048958784536,-6.29152494572323,-5.5));
#3377=CARTESIAN_POINT('Ctrl Pts',(-5.60919869952212,-6.26320855327796,-5.5));
#3378=CARTESIAN_POINT('Ctrl Pts',(-5.63428727471295,-6.23846317108032,-5.5));
#3379=CARTESIAN_POINT('Ctrl Pts',(-5.65922543643068,-6.21355141185461,-5.5));
#3380=CARTESIAN_POINT('Ctrl Pts',(-5.68399262085803,-6.18849298354458,-5.5));
#3381=CARTESIAN_POINT('Ctrl Pts',(-5.73791599474737,-6.13393551041699,-5.5));
#3382=CARTESIAN_POINT('Ctrl Pts',(-5.7910462514284,-6.07866606293271,-5.5));
#3383=CARTESIAN_POINT('Ctrl Pts',(-5.84336667897769,-6.02269643962518,-5.5));
#3384=CARTESIAN_POINT('Ctrl Pts',(-5.9901543401272,-5.86567077134309,-5.5));
#3385=CARTESIAN_POINT('Ctrl Pts',(-6.13057052919771,-5.70313658833291,-5.5));
#3386=CARTESIAN_POINT('Ctrl Pts',(-6.26440957756962,-5.53554691098922,-5.5));
#3387=CARTESIAN_POINT('Ctrl Pts',(-6.39948314203316,-5.36641140560814,-5.5));
#3388=CARTESIAN_POINT('Ctrl Pts',(-6.52785805512745,-5.19212613728086,-5.5));
#3389=CARTESIAN_POINT('Ctrl Pts',(-6.6492811934228,-5.01312450719668,-5.5));
#3390=CARTESIAN_POINT('Ctrl Pts',(-6.77035323321997,-4.83464046547643,-5.5));
#3391=CARTESIAN_POINT('Ctrl Pts',(-6.88451394538116,-4.65146667380462,-5.5));
#3392=CARTESIAN_POINT('Ctrl Pts',(-6.99146609682689,-4.46400995248982,-5.5));
#3393=CARTESIAN_POINT('Ctrl Pts',(-7.09691488939914,-4.27918819196423,-5.5));
#3394=CARTESIAN_POINT('Ctrl Pts',(-7.19535654940622,-4.09020245641217,-5.5));
#3395=CARTESIAN_POINT('Ctrl Pts',(-7.28645754434403,-3.89742957003428,-5.5));
#3396=CARTESIAN_POINT('Ctrl Pts',(-7.32471770109537,-3.81646974236981,-5.5));
#3397=CARTESIAN_POINT('Ctrl Pts',(-7.36168250557109,-3.7348418321286,-5.5));
#3398=CARTESIAN_POINT('Ctrl Pts',(-7.39732450577963,-3.65257343603844,-5.5));
#3399=CARTESIAN_POINT('',(-7.85737759831485,-3.5,-5.71247735565102));
#3400=CARTESIAN_POINT('Ctrl Pts',(-2.22558519182411,-8.30873957206707,-5.5));
#3401=CARTESIAN_POINT('Ctrl Pts',(-3.63415088120961,-7.93144011372961,-5.54047187726686));
#3402=CARTESIAN_POINT('Ctrl Pts',(-5.92480930108101,-6.63085365190951,-5.61129766248387));
#3403=CARTESIAN_POINT('Ctrl Pts',(-7.41236606526988,-4.49903532878265,-5.68212344770088));
#3404=CARTESIAN_POINT('Ctrl Pts',(-7.85737759831485,-3.5,-5.71247735565102));
#3405=CARTESIAN_POINT('Ctrl Pts',(-7.85737759831485,-3.5,-5.71247735565102));
#3406=CARTESIAN_POINT('Ctrl Pts',(-7.72870621521235,-3.49999999999999,-5.64316372525901));
#3407=CARTESIAN_POINT('Ctrl Pts',(-7.59971428747917,-3.4999990783599,-5.57389635601385));
#3408=CARTESIAN_POINT('Ctrl Pts',(-7.4707636611583,-3.49999684144626,-5.50489981452816));
#3409=CARTESIAN_POINT('Ctrl Pts',(-1.03105218184883,-8.18531803892218,-5.79541956764509));
#3410=CARTESIAN_POINT('Ctrl Pts',(-2.43133673195164,-8.00893314663975,-5.83626016910205));
#3411=CARTESIAN_POINT('Ctrl Pts',(-5.13796415637688,-6.92215977068324,-5.91794137201598));
#3412=CARTESIAN_POINT('Ctrl Pts',(-6.96187831940851,-4.64614450025306,-5.99962257492991));
#3413=CARTESIAN_POINT('Ctrl Pts',(-7.53615471288619,-3.35691408043806,-6.04046317638687));
#3414=CARTESIAN_POINT('Ctrl Pts',(-1.04570145456588,-8.30161569905903,-5.72774449359158));
#3415=CARTESIAN_POINT('Ctrl Pts',(-2.46588136071086,-8.12272471597372,-5.76858509504854));
#3416=CARTESIAN_POINT('Ctrl Pts',(-5.21096476629971,-7.02051037607156,-5.85026629796247));
#3417=CARTESIAN_POINT('Ctrl Pts',(-7.0607932491467,-4.71215729675868,-5.93194750087639));
#3418=CARTESIAN_POINT('Ctrl Pts',(-7.64322900802908,-3.4046093869587,-5.97278810233336));
#3419=CARTESIAN_POINT('Ctrl Pts',(-1.06035072728294,-8.41791335919587,-5.66006941953807));
#3420=CARTESIAN_POINT('Ctrl Pts',(-2.50042598947008,-8.2365162853077,-5.70091002099503));
#3421=CARTESIAN_POINT('Ctrl Pts',(-5.28396537622253,-7.11886098145987,-5.78259122390896));
#3422=CARTESIAN_POINT('Ctrl Pts',(-7.15970817888488,-4.7781700932643,-5.86427242682288));
#3423=CARTESIAN_POINT('Ctrl Pts',(-7.75030330317196,-3.45230469347935,-5.90511302827985));
#3424=CARTESIAN_POINT('Ctrl Pts',(-1.075,-8.53421101933272,-5.59239434548456));
#3425=CARTESIAN_POINT('Ctrl Pts',(-2.53497061822931,-8.35030785464167,-5.63323494694152));
#3426=CARTESIAN_POINT('Ctrl Pts',(-5.35696598614536,-7.21721158684818,-5.71491614985545));
#3427=CARTESIAN_POINT('Ctrl Pts',(-7.25862310862306,-4.84418288976991,-5.79659735276937));
#3428=CARTESIAN_POINT('Ctrl Pts',(-7.85737759831485,-3.5,-5.83743795422634));
#3429=CARTESIAN_POINT('',(-7.47077639918846,-3.49999999985463,-6.03591085124537));
#3430=CARTESIAN_POINT('Ctrl Pts',(-1.07499945076022,-8.17965980998315,-5.79670178654423));
#3431=CARTESIAN_POINT('Ctrl Pts',(-2.45963804235653,-7.99752725122596,-5.83711498170148));
#3432=CARTESIAN_POINT('Ctrl Pts',(-3.79650373443492,-7.4567483692554,-5.87752817685873));
#3433=CARTESIAN_POINT('Ctrl Pts',(-4.91728584102848,-6.62484929706482,-5.91794137201598));
#3434=CARTESIAN_POINT('Ctrl Pts',(-6.00783791550147,-5.81538842720229,-5.95726453175911));
#3435=CARTESIAN_POINT('Ctrl Pts',(-6.89380573052591,-4.73029991818774,-5.99658769150224));
#3436=CARTESIAN_POINT('Ctrl Pts',(-7.47075009400836,-3.49998522996715,-6.03591085124537));
#3437=CARTESIAN_POINT('',(-7.85737759831485,-3.5,-5.83743795422634));
#3438=CARTESIAN_POINT('Ctrl Pts',(-7.47075010043394,-3.49998521787889,-6.03591085124537));
#3439=CARTESIAN_POINT('Ctrl Pts',(-7.59976028228476,-3.49999507842918,-5.97005442643365));
#3440=CARTESIAN_POINT('Ctrl Pts',(-7.72875154772028,-3.5,-5.90382197263045));
#3441=CARTESIAN_POINT('Ctrl Pts',(-7.85737759831485,-3.5,-5.83743795422634));
#3442=CARTESIAN_POINT('Ctrl Pts',(-1.075,-8.53421101933272,-5.59239434548456));
#3443=CARTESIAN_POINT('Ctrl Pts',(-2.53497061822931,-8.35030785464167,-5.63323494694152));
#3444=CARTESIAN_POINT('Ctrl Pts',(-5.35696598614536,-7.21721158684818,-5.71491614985545));
#3445=CARTESIAN_POINT('Ctrl Pts',(-7.25862310862306,-4.84418288976991,-5.79659735276937));
#3446=CARTESIAN_POINT('Ctrl Pts',(-7.85737759831485,-3.5,-5.83743795422634));
#3447=CARTESIAN_POINT('Origin',(0.,-2.,-5.));
#3448=CARTESIAN_POINT('',(0.,-3.5,-5.));
#3449=CARTESIAN_POINT('Origin',(0.,2.,-5.));
#3450=CARTESIAN_POINT('',(0.,3.5,-5.));
#3451=CARTESIAN_POINT('Origin',(0.,3.5,-5.));
#3452=CARTESIAN_POINT('',(0.,3.5,-6.));
#3453=CARTESIAN_POINT('Origin',(0.,3.5,-6.));
#3454=CARTESIAN_POINT('',(-7.85737758669906,3.50000002607703,-6.7499997947789));
#3455=CARTESIAN_POINT('Origin',(0.,-3.5,-7.50000011175871));
#3456=CARTESIAN_POINT('',(-7.85737759831485,-3.5,-2.18748029928766));
#3457=CARTESIAN_POINT('',(-7.47077639905014,-3.49999999989967,-7.00489980901485));
#3458=CARTESIAN_POINT('',(-7.47077639874197,-3.5,-0.5));
#3459=CARTESIAN_POINT('',(-7.85737759831485,-3.5,-7.21247735565102));
#3460=CARTESIAN_POINT('Ctrl Pts',(-7.85737759831485,-3.5,-7.21247735565102));
#3461=CARTESIAN_POINT('Ctrl Pts',(-7.72870621178577,-3.49999999999999,-7.14316372341316));
#3462=CARTESIAN_POINT('Ctrl Pts',(-7.59970973713022,-3.49999515672605,-7.07389635194068));
#3463=CARTESIAN_POINT('Ctrl Pts',(-7.47075006007841,-3.49998516382544,-7.00489980901486));
#3464=CARTESIAN_POINT('',(-7.85737759831485,-3.5,-7.33743795422634));
#3465=CARTESIAN_POINT('',(-7.85737759831485,-3.5,-2.18748029928766));
#3466=CARTESIAN_POINT('Ctrl Pts',(-7.54102368355141,-3.49998999229744,-7.50000011175871));
#3467=CARTESIAN_POINT('Ctrl Pts',(-7.64659302953337,-3.49999673231823,-7.44599627861126));
#3468=CARTESIAN_POINT('Ctrl Pts',(-7.75210765362788,-3.50000000000003,-7.39176786572712));
#3469=CARTESIAN_POINT('Ctrl Pts',(-7.85737759831483,-3.50000000000003,-7.33743795422633));
#3470=CARTESIAN_POINT('Origin',(0.,0.,-0.5));
#3471=CARTESIAN_POINT('Ctrl Pts',(-7.47075005965344,-3.49998516361766,-7.004899808742));
#3472=CARTESIAN_POINT('Ctrl Pts',(-6.89380501197588,-4.73029893493323,-6.96557664886787));
#3473=CARTESIAN_POINT('Ctrl Pts',(-6.00782798558501,-5.81537504145837,-6.92625348899374));
#3474=CARTESIAN_POINT('Ctrl Pts',(-4.91727590747892,-6.62483591401756,-6.88693032911961));
#3475=CARTESIAN_POINT('Ctrl Pts',(-3.79649380088535,-7.45673498620814,-6.84651713396236));
#3476=CARTESIAN_POINT('Ctrl Pts',(-2.45963783553068,-7.99752697257835,-6.80610393880511));
#3477=CARTESIAN_POINT('Ctrl Pts',(-1.07499944751916,-8.17965980561665,-6.76569074364785));
#3478=CARTESIAN_POINT('Ctrl Pts',(-1.03105218184882,-8.18531803892217,-7.2954195676451));
#3479=CARTESIAN_POINT('Ctrl Pts',(-2.43133673195163,-8.00893314663974,-7.33626016910206));
#3480=CARTESIAN_POINT('Ctrl Pts',(-5.13794257866862,-6.92213069995805,-7.41794137201599));
#3481=CARTESIAN_POINT('Ctrl Pts',(-6.9618783194085,-4.64614450025306,-7.49962257492991));
#3482=CARTESIAN_POINT('Ctrl Pts',(-7.53615471288618,-3.35691408043805,-7.54046317638687));
#3483=CARTESIAN_POINT('Ctrl Pts',(-1.04570145456588,-8.30161569905902,-7.22774449359159));
#3484=CARTESIAN_POINT('Ctrl Pts',(-2.46588136071085,-8.12272471597371,-7.26858509504855));
#3485=CARTESIAN_POINT('Ctrl Pts',(-5.21094288201363,-7.02048089230715,-7.35026629796248));
#3486=CARTESIAN_POINT('Ctrl Pts',(-7.06079324914669,-4.71215729675868,-7.4319475008764));
#3487=CARTESIAN_POINT('Ctrl Pts',(-7.64322900802907,-3.4046093869587,-7.47278810233336));
#3488=CARTESIAN_POINT('Ctrl Pts',(-1.06035072728294,-8.41791335919587,-7.16006941953807));
#3489=CARTESIAN_POINT('Ctrl Pts',(-2.50042598947008,-8.23651628530769,-7.20091002099504));
#3490=CARTESIAN_POINT('Ctrl Pts',(-5.28394318535863,-7.11883108465626,-7.28259122390896));
#3491=CARTESIAN_POINT('Ctrl Pts',(-7.15970817888487,-4.77817009326429,-7.36427242682289));
#3492=CARTESIAN_POINT('Ctrl Pts',(-7.75030330317196,-3.45230469347935,-7.40511302827985));
#3493=CARTESIAN_POINT('Ctrl Pts',(-1.07499999999999,-8.53421101933272,-7.09239434548456));
#3494=CARTESIAN_POINT('Ctrl Pts',(-2.5349706182293,-8.35030785464167,-7.13323494694152));
#3495=CARTESIAN_POINT('Ctrl Pts',(-5.35694348870364,-7.21718127700536,-7.21491614985545));
#3496=CARTESIAN_POINT('Ctrl Pts',(-7.25862310862306,-4.84418288976991,-7.29659735276937));
#3497=CARTESIAN_POINT('Ctrl Pts',(-7.85737759831485,-3.5,-7.33743795422634));
#3498=CARTESIAN_POINT('Ctrl Pts',(-1.07499999999999,-8.53421101933272,-7.09239434548456));
#3499=CARTESIAN_POINT('Ctrl Pts',(-2.5349706182293,-8.35030785464167,-7.13323494694152));
#3500=CARTESIAN_POINT('Ctrl Pts',(-5.35694348870364,-7.21718127700536,-7.21491614985545));
#3501=CARTESIAN_POINT('Ctrl Pts',(-7.25862310862306,-4.84418288976991,-7.29659735276937));
#3502=CARTESIAN_POINT('Ctrl Pts',(-7.85737759831485,-3.5,-7.33743795422634));
#3503=CARTESIAN_POINT('Ctrl Pts',(-1.07499999999999,-8.53421101933272,-6.96743374690925));
#3504=CARTESIAN_POINT('Ctrl Pts',(-2.5349706182293,-8.35030785464167,-7.00827434836621));
#3505=CARTESIAN_POINT('Ctrl Pts',(-5.35694527222619,-7.21718367986916,-7.08995555128014));
#3506=CARTESIAN_POINT('Ctrl Pts',(-7.25862310862306,-4.84418288976991,-7.17163675419406));
#3507=CARTESIAN_POINT('Ctrl Pts',(-7.85737759831485,-3.5,-7.21247735565102));
#3508=CARTESIAN_POINT('Ctrl Pts',(-1.06035072728294,-8.41791335919587,-6.89975867285574));
#3509=CARTESIAN_POINT('Ctrl Pts',(-2.50042598947008,-8.2365162853077,-6.9405992743127));
#3510=CARTESIAN_POINT('Ctrl Pts',(-5.28394494457672,-7.11883345477568,-7.02228047722662));
#3511=CARTESIAN_POINT('Ctrl Pts',(-7.15970817888488,-4.77817009326429,-7.10396168014055));
#3512=CARTESIAN_POINT('Ctrl Pts',(-7.75030330317196,-3.45230469347935,-7.14480228159751));
#3513=CARTESIAN_POINT('Ctrl Pts',(-1.04570145456588,-8.30161569905902,-6.83208359880222));
#3514=CARTESIAN_POINT('Ctrl Pts',(-2.46588136071086,-8.12272471597372,-6.87292420025919));
#3515=CARTESIAN_POINT('Ctrl Pts',(-5.21094461692724,-7.0204832296822,-6.95460540317311));
#3516=CARTESIAN_POINT('Ctrl Pts',(-7.06079324914669,-4.71215729675868,-7.03628660608704));
#3517=CARTESIAN_POINT('Ctrl Pts',(-7.64322900802907,-3.4046093869587,-7.077127207544));
#3518=CARTESIAN_POINT('Ctrl Pts',(-1.03105218184882,-8.18531803892217,-6.76440852474871));
#3519=CARTESIAN_POINT('Ctrl Pts',(-2.43133673195163,-8.00893314663974,-6.80524912620568));
#3520=CARTESIAN_POINT('Ctrl Pts',(-5.13794428927776,-6.92213300458872,-6.8869303291196));
#3521=CARTESIAN_POINT('Ctrl Pts',(-6.96187831940851,-4.64614450025306,-6.96861153203353));
#3522=CARTESIAN_POINT('Ctrl Pts',(-7.53615471288618,-3.35691408043806,-7.00945213349049));
#3523=CARTESIAN_POINT('Ctrl Pts',(-1.07499999999999,-8.53421101933272,-6.96743374690925));
#3524=CARTESIAN_POINT('Ctrl Pts',(-2.5349706182293,-8.35030785464167,-7.00827434836621));
#3525=CARTESIAN_POINT('Ctrl Pts',(-5.35694527222619,-7.21718367986916,-7.08995555128014));
#3526=CARTESIAN_POINT('Ctrl Pts',(-7.25862310862306,-4.84418288976991,-7.17163675419406));
#3527=CARTESIAN_POINT('Ctrl Pts',(-7.85737759831485,-3.5,-7.21247735565102));
#3528=CARTESIAN_POINT('Origin',(0.,0.,-2.18748029928766));
#3529=CARTESIAN_POINT('Origin',(0.,0.,-2.18748029928766));
#3530=CARTESIAN_POINT('Origin',(0.,0.,-2.18748029928766));
#3531=CARTESIAN_POINT('Origin',(0.,0.,-5.5));
#3532=CARTESIAN_POINT('Origin',(9.7537112682407E-16,-3.91124051296415E-16,
-5.5));
#3533=CARTESIAN_POINT('Origin',(0.,0.,-0.5));
#3534=CARTESIAN_POINT('',(-8.75,-1.07156594925393E-15,0.));
#3535=CARTESIAN_POINT('Origin',(0.,0.,0.));
#3536=CARTESIAN_POINT('Origin',(-8.75,-1.07156594925393E-15,-0.5));
#3537=CARTESIAN_POINT('Origin',(0.,0.,0.));
#3538=CARTESIAN_POINT('',(-8.,-9.79717439317883E-16,0.));
#3539=CARTESIAN_POINT('Origin',(0.,0.,0.));
#3540=CARTESIAN_POINT('Origin',(0.,0.,0.5));
#3541=CARTESIAN_POINT('',(-7.5,-9.18485099360515E-16,0.5));
#3542=CARTESIAN_POINT('Origin',(-8.,-9.79717439317883E-16,0.5));
#3543=CARTESIAN_POINT('Origin',(0.,0.,0.5));
#3544=CARTESIAN_POINT('Origin',(0.,0.,0.));
#3545=CARTESIAN_POINT('',(-7.5,-9.18485099360515E-16,1.));
#3546=CARTESIAN_POINT('Origin',(0.,0.,1.));
#3547=CARTESIAN_POINT('',(-7.5,-9.18485099360515E-16,0.));
#3548=CARTESIAN_POINT('Origin',(0.,0.,0.25));
#3549=CARTESIAN_POINT('',(-6.05,-7.40911313484149E-16,0.25));
#3550=CARTESIAN_POINT('',(6.05,-7.40911313484149E-16,0.25));
#3551=CARTESIAN_POINT('Origin',(0.,0.,0.25));
#3552=CARTESIAN_POINT('',(6.3,-7.71527483462833E-16,0.));
#3553=CARTESIAN_POINT('Origin',(6.3,-7.71527483462833E-16,0.25));
#3554=CARTESIAN_POINT('Origin',(0.,0.,0.));
#3555=CARTESIAN_POINT('Origin',(0.,0.,0.25));
#3556=CARTESIAN_POINT('Origin',(0.,0.,0.));
#3557=CARTESIAN_POINT('',(-6.05,-7.40911313484149E-16,1.));
#3558=CARTESIAN_POINT('Origin',(0.,0.,1.));
#3559=CARTESIAN_POINT('',(-6.05,-7.40911313484149E-16,0.));
#3560=CARTESIAN_POINT('Origin',(0.,0.,0.));
#3561=CARTESIAN_POINT('',(-6.525,7.99082036443648E-16,0.));
#3562=CARTESIAN_POINT('Origin',(0.,0.,0.));
#3563=CARTESIAN_POINT('Origin',(0.,0.,0.));
#3564=CARTESIAN_POINT('',(-6.525,7.99082036443648E-16,-0.5));
#3565=CARTESIAN_POINT('Origin',(0.,0.,-0.5));
#3566=CARTESIAN_POINT('',(-6.525,7.99082036443648E-16,0.));
#3567=CARTESIAN_POINT('Origin',(0.,0.,-0.5));
#3568=CARTESIAN_POINT('Origin',(0.,0.,1.));
#3569=UNCERTAINTY_MEASURE_WITH_UNIT(LENGTH_MEASURE(0.01),#3573,
'DISTANCE_ACCURACY_VALUE',
'Maximum model space distance between geometric entities at asserted c
onnectivities');
#3570=UNCERTAINTY_MEASURE_WITH_UNIT(LENGTH_MEASURE(0.01),#3573,
'DISTANCE_ACCURACY_VALUE',
'Maximum model space distance between geometric entities at asserted c
onnectivities');
#3571=(
GEOMETRIC_REPRESENTATION_CONTEXT(3)
GLOBAL_UNCERTAINTY_ASSIGNED_CONTEXT((#3569))
GLOBAL_UNIT_ASSIGNED_CONTEXT((#3573,#3575,#3576))
REPRESENTATION_CONTEXT('','3D')
);
#3572=(
GEOMETRIC_REPRESENTATION_CONTEXT(3)
GLOBAL_UNCERTAINTY_ASSIGNED_CONTEXT((#3570))
GLOBAL_UNIT_ASSIGNED_CONTEXT((#3573,#3575,#3576))
REPRESENTATION_CONTEXT('','3D')
);
#3573=(
LENGTH_UNIT()
NAMED_UNIT(*)
SI_UNIT(.MILLI.,.METRE.)
);
#3574=(
LENGTH_UNIT()
NAMED_UNIT(*)
SI_UNIT($,.METRE.)
);
#3575=(
NAMED_UNIT(*)
PLANE_ANGLE_UNIT()
SI_UNIT($,.RADIAN.)
);
#3576=(
NAMED_UNIT(*)
SI_UNIT($,.STERADIAN.)
SOLID_ANGLE_UNIT()
);
#3577=SHAPE_DEFINITION_REPRESENTATION(#3578,#3579);
#3578=PRODUCT_DEFINITION_SHAPE('',$,#3581);
#3579=SHAPE_REPRESENTATION('',(#1520),#3571);
#3580=PRODUCT_DEFINITION_CONTEXT('part definition',#3585,'design');
#3581=PRODUCT_DEFINITION('Electrode Case','Electrode Case v66',#3582,#3580);
#3582=PRODUCT_DEFINITION_FORMATION('',$,#3587);
#3583=PRODUCT_RELATED_PRODUCT_CATEGORY('Electrode Case v66',
'Electrode Case v66',(#3587));
#3584=APPLICATION_PROTOCOL_DEFINITION('international standard',
'automotive_design',2009,#3585);
#3585=APPLICATION_CONTEXT(
'Core Data for Automotive Mechanical Design Process');
#3586=PRODUCT_CONTEXT('part definition',#3585,'mechanical');
#3587=PRODUCT('Electrode Case','Electrode Case v66',$,(#3586));
#3588=PRESENTATION_STYLE_ASSIGNMENT((#3590));
#3589=PRESENTATION_STYLE_ASSIGNMENT((#3591));
#3590=SURFACE_STYLE_USAGE(.BOTH.,#3592);
#3591=SURFACE_STYLE_USAGE(.BOTH.,#3593);
#3592=SURFACE_SIDE_STYLE('',(#3594));
#3593=SURFACE_SIDE_STYLE('',(#3595));
#3594=SURFACE_STYLE_FILL_AREA(#3596);
#3595=SURFACE_STYLE_FILL_AREA(#3597);
#3596=FILL_AREA_STYLE('Steel - Satin',(#3598));
#3597=FILL_AREA_STYLE('Tough 2000 (with Formlabs SLA 3D Printers)',(#3599));
#3598=FILL_AREA_STYLE_COLOUR('Steel - Satin',#3600);
#3599=FILL_AREA_STYLE_COLOUR(
'Tough 2000 (with Formlabs SLA 3D Printers)',#3601);
#3600=COLOUR_RGB('Steel - Satin',0.627450980392157,0.627450980392157,0.627450980392157);
#3601=COLOUR_RGB('Tough 2000 (with Formlabs SLA 3D Printers)',0.0588235294117647,
0.0588235294117647,0.0588235294117647);
ENDSEC;
END-ISO-10303-21;
